-- phpMyAdmin SQL Dump
-- version 4.4.15.9
-- https://www.phpmyadmin.net
--
-- Host: localhost
-- Generation Time: 20 Des 2018 pada 15.14
-- Versi Server: 5.6.37
-- PHP Version: 5.6.31

SET SQL_MODE = "NO_AUTO_VALUE_ON_ZERO";
SET time_zone = "+00:00";


/*!40101 SET @OLD_CHARACTER_SET_CLIENT=@@CHARACTER_SET_CLIENT */;
/*!40101 SET @OLD_CHARACTER_SET_RESULTS=@@CHARACTER_SET_RESULTS */;
/*!40101 SET @OLD_COLLATION_CONNECTION=@@COLLATION_CONNECTION */;
/*!40101 SET NAMES utf8mb4 */;

--
-- Database: `db_trac`
--

-- --------------------------------------------------------

--
-- Struktur dari tabel `brandm`
--

CREATE TABLE IF NOT EXISTS `brandm` (
  `id_brand` varchar(112) NOT NULL,
  `brand` varchar(155) NOT NULL
) ENGINE=InnoDB DEFAULT CHARSET=latin1;

--
-- Dumping data untuk tabel `brandm`
--

INSERT INTO `brandm` (`id_brand`, `brand`) VALUES
('KB20181101', 'Mitsubishi'),
('KB20181102', 'Toyota'),
('KB20181103', 'Daihatsu'),
('KB20181104', 'Izuzu'),
('KB20181105', 'Hino'),
('KB20181106', 'Suzuki'),
('KB20181107', 'Ford'),
('KB20181108', 'JPG + TW ASLI'),
('KB20181109', 'LOKAL / TE'),
('KB20181110', 'KSA'),
('KB20181111', 'TW + JAPAN'),
('KB20181112', 'LOKAL / KSA'),
('KB20181113', 'TORMOS + EAG + MK'),
('KB20181114', ' MERGENT + PARAUT'),
('KB20181115', 'GOLD + HITEC'),
('KB20181116', 'MK + KAMAKURA'),
('KB20181117', 'GOLD + HITEC + JAPAN'),
('KB20181118', 'RRC + TAIWAN + KOREA'),
('KB20181119', 'TAIWAN + LOKAL + KOREA'),
('KB20181120', 'MOBIS + JAPAN + LOKAL'),
('KB20181121', 'TAIWAN + LOKAL'),
('KB20181122', 'TW + LOKAL'),
('KB20181123', 'SEIWA JPN + KOREA'),
('KB20181124', 'JC-TECH'),
('KB20181125', 'TSK + SK + KOREA'),
('KB20181126', 'IKAR + PROTEC + KOREA'),
('KB20181127', 'TSK JPN + SK + KOREA'),
('KB20181128', 'TSK JPG + LOKAL + KOREA'),
('KB20181129', 'MITSUBISHI + YEC + KOREA'),
('KB20181130', 'NTN + NSK + FBJ + VALEO'),
('KB20181131', 'HITACHI + DENSO + TW'),
('KB20181132', 'HITACHI + DENSO + KOREA'),
('KB20181133', 'SECO + VALEO'),
('KB20181134', 'DAIKIN JPG + LOKAL'),
('KB20181135', 'VALEO + SECO'),
('KB20181136', 'TW + KOREA + LOKAL'),
('KB20181137', 'BANDO / ASAHI'),
('KB20181138', 'TW + KOREA'),
('KB20181139', 'KYOSANTW + JPG + NUK'),
('KB20181140', 'TW + KOREA + RRT'),
('KB20181141', 'LOKAL + TW + KOREA'),
('KB20181142', 'FBJ + JPN + LKS + TMK'),
('KB20181143', 'SEIKEN LOKAL + JPNG'),
('KB20181144', 'JAPAN + SEIKEN + TW'),
('KB20181145', 'TW + JPG + KOREA'),
('KB20181146', 'TW / TYC / LUCID'),
('KB20181147', 'TYC / TW'),
('KB20181148', 'TW + TYC'),
('KB20181149', 'BGF + HASAKI + TCIC'),
('KB20181150', 'TW / BGF / HASAKI'),
('KB20181151', 'BGF + HASAKI + SANYCO'),
('KB20181152', 'ND JPG + TW + KOREA'),
('KB20181153', 'UNION / SAKURA / KOREA'),
('KB20181154', 'JAPAN / TW / KOREA'),
('KB20181155', 'ITE / ERISTIC / KOREA'),
('KB20181156', 'LOKAL + KOREA'),
('KB20181157', 'IMITASI'),
('KB20181158', 'TW + KOREA + JPG'),
('KB20181159', 'SAM TW + JPG'),
('KB20181160', 'NOK JAPAN + TW + KOREA'),
('KB20181161', 'KYBA / TKC / LKS / PRO-G'),
('KB20181162', 'TAIWAN + JAPAN'),
('KB20181163', 'JAPAN + TW'),
('KB20181164', 'JAPAN + TW + KOREA'),
('KB20181165', 'NPW + GMB + TW'),
('KB20181166', 'Castrol'),
('KB20181167', 'Astra & Shell');

-- --------------------------------------------------------

--
-- Struktur dari tabel `data_karyawan`
--

CREATE TABLE IF NOT EXISTS `data_karyawan` (
  `id` varchar(112) NOT NULL,
  `karyawan` varchar(112) NOT NULL,
  `jk` varchar(112) NOT NULL,
  `alamat` text NOT NULL,
  `no_telphone` varchar(14) NOT NULL
) ENGINE=InnoDB DEFAULT CHARSET=latin1;

--
-- Dumping data untuk tabel `data_karyawan`
--

INSERT INTO `data_karyawan` (`id`, `karyawan`, `jk`, `alamat`, `no_telphone`) VALUES
('KKT20181201', 'muhammad', 'Laki-Laki', 'jalan', '085764554696'),
('KKT20181202', 'sadada', 'Laki-Laki', 'dsadad', '12121212121212');

-- --------------------------------------------------------

--
-- Struktur dari tabel `kustom`
--

CREATE TABLE IF NOT EXISTS `kustom` (
  `kustom_id` varchar(123) NOT NULL,
  `kustom_nama` varchar(34) NOT NULL,
  `alamat` text NOT NULL,
  `no_ktp` varchar(16) NOT NULL,
  `kustom_jk` varchar(43) NOT NULL,
  `kustom_hp` varchar(14) NOT NULL,
  `email` varchar(43) NOT NULL,
  `status` varchar(112) NOT NULL
) ENGINE=InnoDB DEFAULT CHARSET=latin1;

--
-- Dumping data untuk tabel `kustom`
--

INSERT INTO `kustom` (`kustom_id`, `kustom_nama`, `alamat`, `no_ktp`, `kustom_jk`, `kustom_hp`, `email`, `status`) VALUES
('KP20181201', 'annisa', 'jln.tanjung sari 2', '1122334455667788', 'Perempuan', '085764554696', 'satrio@gmail.com', 'Masyarakat'),
('KP20181202', 'ada', 'fada', '1234561234561234', 'Perempuan', '23232323232323', 'm.satrio05091997@ymail.com', 'Masyarakat'),
('KP20181203', 'satrio ', 'jalan', '1122334455667788', 'Laki-Laki', '085764554696', 'm.satrion05091997@gmail.com', 'Masyarakat'),
('KP20181204', 'annisa', 'jalan', '-', '-', '085764554696', 'm.satrio05091997@ymail.com', 'Perusahaan');

-- --------------------------------------------------------

--
-- Struktur dari tabel `merk_b`
--

CREATE TABLE IF NOT EXISTS `merk_b` (
  `id_tipe` varchar(112) NOT NULL,
  `tipe` varchar(112) NOT NULL
) ENGINE=InnoDB DEFAULT CHARSET=latin1;

--
-- Dumping data untuk tabel `merk_b`
--

INSERT INTO `merk_b` (`id_tipe`, `tipe`) VALUES
('KT20180992', 'RANGER DC XLT-D PLUS 2.5 4X4 MT D PU 11'),
('KT20180993', 'DYNA 110 PS ST 4B 4.0 MT D BOX 11'),
('KT20180994', 'COLT-D L300 72PS STD 2.5 4X2 MT D PU 11'),
('KT20180995', 'RANGER SC BASE 2.5 4X4 MT D PU 11'),
('KT20180996', 'DYNA 110 PS ST 4B 4.0 MT D CHS 11'),
('KT20180997', 'DYNA 110 PS ST 4B PS 4.0 MT D BOX 11'),
('KT20180998', 'STRADA TRITON GLS EXCEED 2.5 MT D PU 11'),
('KT20180999', 'XENIA X NEW 1.3 4X2 MT B 2012'),
('KT20181000', 'STRADA TRITON GLS-DC 2.5 4X4 MT PU 2012'),
('KT20181001', 'GRAN MAX D MB PS 1.5 4X2 MT B 2012'),
('KT20181002', 'CARRY REAL VAN GX 1.5 4X2 MT B 2012'),
('KT20181003', 'DYNA 110 ST PS 4B 4.0 4X2 MT D BOX 2012'),
('KT20181004', 'AVANZA G NEW 1.3 4X2 MT B 2012'),
('KT20181005', 'GRAN MAX D MB FF 1.3 4X2 MT B 2012'),
('KT20181006', 'INNOVA E NEW 2.0 4X2 MT B 2012'),
('KT20181007', 'DYNA 110 FT PS 6B 4.0 4X2 MT D BOX 2012'),
('KT20181008', 'INNOVA G NEW 2.0 4X2 AT B 2012'),
('KT20181009', 'D-MAX DC PS 3.0 4X4 MT D PU 2012'),
('KT20181010', 'DYNA HT 130PS HI GEAR 4.0 4X2 TRK 2012'),
('KT20181011', 'D-MAX SC PS 3.0 4X4 MT D PU 2012'),
('KT20181012', 'D-MAX RODEO LS PS 3.0 4X4 MT D PU 2012'),
('KT20181013', 'COLT-D FE 71 110PS 4B 4.0 MT D BOX 2012'),
('KT20181014', 'COLT-D FE 74 125PS 6B 4.0 4X2 D TRK 2012'),
('KT20181015', 'HILUX DC G NEW 2.5 4X4 MT D PU 2012'),
('KT20181016', 'COLT-D FE 73 110PS 6B 4.0 MT D BOX 2012'),
('KT20181017', 'VIOS G ALL NEW 1.5 4X2 AT B 2012'),
('KT20181018', 'GRAN MAX BV AC 1.3 4X2 MT B 2012'),
('KT20181019', 'DYNA 110 FT PS 6B PS 4.0 4X2 MT CHS 2012'),
('KT20181020', 'XENIA X STD NEW 1.3 4X2 MT B 2012'),
('KT20181021', 'COLT-D FE84G BC 136PS 4X2 MT D BUS 2012'),
('KT20181022', 'GRAN MAX BV 1.3 4X2 MT B 2013'),
('KT20181023', 'GRAN MAX AC PS 1.5 4X2 MT B PU 2013'),
('KT20181024', 'CARRY REAL VAN GX 1.5 4X2 MT B 2013'),
('KT20181025', 'COLT-D FE 73 110PS 6B 4.0 MT D BOX 2013'),
('KT20181026', 'PANTHER LV FF 2.5 4X2 MT D 2013'),
('KT20181027', 'HILUX DC G NEW 2.5 4X4 MT D PU 2013'),
('KT20181028', 'AVANZA G NEW 1.3 4X2 MT B 2013'),
('KT20181029', 'COLT-D L300 FD 72PS 2.5 4X2 MT D PU 2013'),
('KT20181030', 'COLT-D FE 71 110PS 4B 4.0 MT D BOX 2013'),
('KT20181031', 'RANGER ALL NEW DC BASE 2.2 4X4 PU 2012'),
('KT20181032', 'XENIA R NEW Airbag 1.3 4X2 MT B 2013'),
('KT20181033', 'INNOVA G NEW 2.5 4X2 MT D 2013'),
('KT20181034', 'STRADA TRITON HDX DC 2.8 4X4 MT PU 2013'),
('KT20181035', 'STRADA TRITON EXCEED  2.5 4X4 MT PU 2013'),
('KT20181036', 'AVANZA E NEW AIRBAG 1.3 4X2 MT B 2013'),
('KT20181037', 'PANTHER GD 3W  PS 2.5 4X2 MT D PU 2013'),
('KT20181038', 'GRAN MAX D MB 1.3 4X2 MT B 2013'),
('KT20181039', 'AVANZA G NEW AIRBAG 1.3 4X2 MT B 2013'),
('KT20181040', 'INNOVA G AIRBAG 2.5 4X2 MT D 2013'),
('KT20181041', 'INNOVA G AIRBAG 2.0 4X2 MT B 2013'),
('KT20181042', 'AVANZA G NEW AIRBAG 1.3 4X2 AT B 2013'),
('KT20181043', 'PAJERO NEW SPORT DAKAR 2.5 4X4 AT D 2013'),
('KT20181044', 'STRADA TRITON GLS-AB 2.5 4X4 MT PU 2013'),
('KT20181045', 'FORTUNER V NEW 2.7 4X4 AT B 2013'),
('KT20181046', 'STRADA TRITON HDX SC 2.8 4X4 MT PU 2013'),
('KT20181047', 'HILUX STD AIRBAG 2.0 4X2 MT B PU 2013'),
('KT20181048', 'PANTHER FD PS 2.5 4X2 MT D PU 2014'),
('KT20181049', 'OUTLANDER GLS 2.0 4X2 AT B 2013'),
('KT20181050', 'INNOVA V LUX AIRBAG 2.0 4X2 AT B 2014'),
('KT20181051', 'PANTHER GD 3W  PS 2.5 4X2 MT D PU 2014'),
('KT20181052', 'DUTRO 130 HD PS 6B 5.8 4X4 MT D BUS 2013'),
('KT20181053', 'INNOVA G AIRBAG 2.0 4X2 MT B 2014'),
('KT20181054', 'HILUX DC G AIRBAG 2.5 4X4 MT D PU 2014'),
('KT20181055', 'GRAN MAX STD 1.3 4X2 MT B PU 2014'),
('KT20181056', 'OUTLANDER PX 2.0 4X2 AT B 2014'),
('KT20181057', 'INNOVA V AIRBAG 2.0 4X2 AT B 2014'),
('KT20181058', 'INNOVA E AIRBAG 2.0 4X2 AT B 2014'),
('KT20181059', 'INNOVA G LUX AIRBAG 2.0 4X2 AT B 2014'),
('KT20181060', 'AVANZA NEW VELOZ AIRBAG 1.5 4X2 MT 2014'),
('KT20181061', 'XENIA R NEW Airbag 1.3 4X2 MT B 2014'),
('KT20181062', 'INNOVA G AIRBAG 2.5 4X2 MT D 2014'),
('KT20181063', 'AVANZA E NEW AIRBAG 1.3 4X2 MT B 2014'),
('KT20181064', 'GRAN MAX D MB 1.3 4X2 MT B 2014'),
('KT20181065', 'LUXIO X MC 1.5 4X2 MT B 2014'),
('KT20181066', 'AVANZA G NEW AIRBAG 1.3 4X2 MT B 2014'),
('KT20181067', 'STRADA TRITON GLS-DC 2.5 4X4 MT PU 2013'),
('KT20181068', 'INNOVA G AIRBAG 2.0 4X2 AT B 2013'),
('KT20181069', 'COLT-D L300 72PS 2.5 4X2 MT D BOX 2014'),
('KT20181070', 'INNOVA E AIRBAG 2.0 4X2 MT B 2014'),
('KT20181071', 'STRADA TRITON TRB GLS-DC 2.5 4X4 PU 2014'),
('KT20181072', 'OUTLANDER GLS 2.0 4X2 AT B 2014'),
('KT20181073', 'FORTUNER V NEW 2.7 4X4 AT B 2014'),
('KT20181074', 'GRAN MAX BV 1.3 4X2 MT B 2014'),
('KT20181075', 'GRAN MAX 3W 1.3 4X2 MT B PU 2014'),
('KT20181076', 'STRADA TRITON EXCEED HP 2.5 4X4 MT PU 14'),
('KT20181077', 'STRADA TRITON TRB GLS-AB 2.5 4X4 PU 2014'),
('KT20181078', 'INNOVA G AIRBAG 2.0 4X2 AT B 2014'),
('KT20181079', 'STRADA TRITON HDX DC 2.8 4X4 MT PU 2014'),
('KT20181080', 'GRAN MAX BV AC 1.3 4X2 MT B 2014'),
('KT20181081', 'HIACE STD 2.5 4X2 MT D 2014'),
('KT20181082', 'H-1 FL ROYALE GASOLINE 2.4 4X2 AT B 2014'),
('KT20181083', 'COLT-D FE84G BC 136PS 6B 4.0 BUS 2014'),
('KT20181084', 'RANGER ALL NEW DC XLS+ 2.2 4X4 MT D 2014'),
('KT20181085', 'PAJERO NEW SPORT GLX 2.5 4X4 MT D 2014'),
('KT20181086', 'ELF NKR55 E2 C/O LWB 2.7 MT D BUS 2014'),
('KT20181087', 'FORTUNER V NEW MC 2.7 4X4 AT B 2014'),
('KT20181088', 'COLT-D L300 72PS STD 2.5 MT D BOX 2014'),
('KT20181089', 'INNOVA G AIRBAG MC 2.0 4X2 MT B 2014'),
('KT20181090', 'XENIA X DG Airbag 1.3 4X2 MT B 2014'),
('KT20181091', 'ALTIS V ALL NEW COROLLA 1.8 AT B 2014'),
('KT20181092', 'CAMRY ALL NEW G 2.5 4X2 AT B 2014'),
('KT20181093', 'INNOVA E AIRBAG MC 2.0 4X2 MT B 2014'),
('KT20181094', 'CR-V ALL NEW 2.0 4X2 AT B 2014'),
('KT20181095', 'AYLA M NEW 1.0 4X2 MT B 2014'),
('KT20181096', 'XENIA X DG PLUS Airbag 1.3 4X2 MT B 2014'),
('KT20181097', 'GRAN MAX STD 1.3 4X2 MT B BOX 2014'),
('KT20181098', 'GRAN MAX AC PS 1.5 4X2 MT B BOX 2014'),
('KT20181099', 'HIACE COMMUTER GL 2.5 4X2 MT D AMP 2014'),
('KT20181100', 'STRADA TRITON HDX SC 2.8 4X4 MT PU 2014'),
('KT20181101', 'HILUX DC E AIRBAG 2.5 4X4 MT D PU 2014'),
('KT201811111', 'DIESEL 10W-30'),
('KT201811112', 'HX8 Pro 0W-20'),
('KT201811113', 'Ultra 5W-40:'),
('KT201811114', '10W-30 API SM'),
('KT201811115', 'S3 G 80W '),
('KT201811116', 'SAE 10W/40');

-- --------------------------------------------------------

--
-- Struktur dari tabel `pengambilan`
--

CREATE TABLE IF NOT EXISTS `pengambilan` (
  `id_peng` varchar(112) NOT NULL,
  `id` varchar(44) NOT NULL,
  `id_rental` varchar(112) NOT NULL,
  `tgl_ambil` date NOT NULL,
  `statusp` varchar(112) NOT NULL
) ENGINE=InnoDB DEFAULT CHARSET=latin1;

--
-- Dumping data untuk tabel `pengambilan`
--

INSERT INTO `pengambilan` (`id_peng`, `id`, `id_rental`, `tgl_ambil`, `statusp`) VALUES
('KPM20181101', 'KB20181102', 'KB20181102', '2018-11-18', 'Sudah Diambil'),
('KPM20181102', 'KB20181102', 'KOR20181101', '2018-11-30', 'Sudah Diambil'),
('KPM20181203', 'KKT20181102', 'KOR20181202', '2018-12-13', 'Sudah Diambil');

-- --------------------------------------------------------

--
-- Struktur dari tabel `pengembalian`
--

CREATE TABLE IF NOT EXISTS `pengembalian` (
  `id_pgb` varchar(112) NOT NULL,
  `id` varchar(11) NOT NULL,
  `id_rental` varchar(112) NOT NULL,
  `status` varchar(112) NOT NULL
) ENGINE=InnoDB DEFAULT CHARSET=latin1;

--
-- Dumping data untuk tabel `pengembalian`
--

INSERT INTO `pengembalian` (`id_pgb`, `id`, `id_rental`, `status`) VALUES
('7', 'DK20181001', '69', 'Selesai'),
('KPM20181102', 'KB20181102', 'KB20181104', 'Sudah Dikembalikan'),
('KPM20181103', 'KB20181102', 'KB20181105', 'Belum Dikembalikan'),
('KPM20181104', 'KB20181102', 'KB20181102', 'Sudah Dikembalikan'),
('KPM20181205', 'KKT20181102', 'KOR20181202', 'Sudah Dikembalikan');

-- --------------------------------------------------------

--
-- Struktur dari tabel `tbl_mekanik`
--

CREATE TABLE IF NOT EXISTS `tbl_mekanik` (
  `id_mnk` varchar(11) NOT NULL,
  `nama_mnk` varchar(40) NOT NULL,
  `no_telephone` varchar(211) NOT NULL,
  `alamat_mnk` varchar(54) NOT NULL
) ENGINE=InnoDB DEFAULT CHARSET=latin1;

--
-- Dumping data untuk tabel `tbl_mekanik`
--

INSERT INTO `tbl_mekanik` (`id_mnk`, `nama_mnk`, `no_telephone`, `alamat_mnk`) VALUES
('KM20181128', 'ADI SANJAYA', '0812 1111 4413', 'adi.s474@gmail.co.id'),
('KM20181129', 'VERY AKBAR SYOFA', '0812 1059 2013', 'vks1@gmail.com'),
('KM20181130', 'YUDI RIO VIVALDI', '0823 11 3838 64', 'fahrul_1@yahoo.com'),
('KM20181131', 'FAHRUL FIRDAUS', '0823 1154 9966', 'tamagi00@gmail.com'),
('KM20181132', 'YOGI PRATAMA', '0852 8888 5530', ''),
('KM20181133', 'MUNAWIR', '08 171717 2161', ''),
('KM20181134', 'MUHAMMAD HABIBILLAH', '0813 9595 4098', ''),
('KM20181135', 'MUHAMMAD ROQIB', '0821 887755 48', 'roqib1343@gmail.co.id'),
('KM20181136', 'SUDARNO', '0852 8485 6483', ''),
('KM20181137', 'ROBERTO', '0878 4232 5454', ''),
('KM20181138', 'RINDARNO', '0811 3432 4254', 'dar154n4@gamil.co.id'),
('KM20181139', 'AGUWAN', '0898 7684 7372', ''),
('KM20181140', 'SANDY TRYMANSA', '0896 2352 3364', ''),
('KM20181141', 'MARDIANSYAH', '0857 2327 3411', ''),
('KM20181142', 'EKO SUSANTO', '0898 0897 3526', ''),
('KM20181143', 'MULYADI', '0821 7373 8286', 'mulyadi.trac@gmail.com'),
('KM20181144', 'BERNADINUS ABDI PAMUNGKAS', '0887 9892 0001', ''),
('KM20181145', 'GITA DORES', '0812 0989 0789', ''),
('KM20181146', 'DEDEN NURJAMAN', '0857 1234 789', 'tri_sutrisno01@ymail.co.id'),
('KM20181147', 'TRY SUTRISNO', '0895 7014 5471', ''),
('KM20181148', 'CANDRA BAGAS KURNIAWAN', '083838388178 ', ''),
('KM20181149', 'JULIANSYAH FAHRIZAL', '0823 1898 9899', ''),
('KM20181150', 'YOPI KRITYO', '0877 7078 0878 ', 'erli123@gmail.com'),
('KM20181151', 'ERLI PAKILA', '85888999893', ''),
('KM20181152', 'FADLI RAMADAN', '089 787979 98', ''),
('KM20181153', 'ADI CANDRA', '08993 178 178', ''),
('KM20181154', 'M.PUTRA APRILDO', '0822 8828 2888', ''),
('KM20181228', 'asa', '12312312312', 'dsada');

-- --------------------------------------------------------

--
-- Struktur dari tabel `tbl_mobil`
--

CREATE TABLE IF NOT EXISTS `tbl_mobil` (
  `id_mobil` varchar(123) NOT NULL,
  `no_polisi` varchar(23) NOT NULL,
  `id_brand` varchar(43) NOT NULL,
  `id_tipe` varchar(43) NOT NULL,
  `model_mobil` varchar(54) NOT NULL,
  `harga` int(20) NOT NULL,
  `tgl_masuk` varchar(112) NOT NULL,
  `lokasi_mbl` varchar(34) NOT NULL,
  `status` varchar(122) NOT NULL,
  `denda` int(11) NOT NULL
) ENGINE=InnoDB DEFAULT CHARSET=latin1;

--
-- Dumping data untuk tabel `tbl_mobil`
--

INSERT INTO `tbl_mobil` (`id_mobil`, `no_polisi`, `id_brand`, `id_tipe`, `model_mobil`, `harga`, `tgl_masuk`, `lokasi_mbl`, `status`, `denda`) VALUES
('KDM20181101', 'BG9573NC', 'KB20181107', 'KT20180992', 'Ranger', 500000, '2018-12-11', 'SEWA-LEASING', 'Di Rental ya om', 750000),
('KDM20181102', 'BG8793UL', 'KB20181102', 'KT20181025', 'New Dyna', 500000, '09/08/2017', 'SEWA-LEASING', 'Tersedia', 550000),
('KDM20181105', 'BG8801UL', 'KB20181102', 'KT20181025', 'New Dyna', 550000, '2018-12-11', 'SEWA-LEASING', 'Tersedia', 600000),
('KDM20181106', 'BG9419ND', 'KB20181107', 'KT20181017', 'Ranger', 950000, '20/01/2017', 'SEWA-LEASING', 'Tersedia', 110000),
('KDM20181107', 'BG9957ND', 'KB20181101', 'KT20181033', 'Colt L300', 840000, '19/07/2017', 'POOL-TRAC-PLG-SOETTA', 'Tersedia', 900000),
('KDM20181108', 'BG9072NE', 'KB20181108', 'KT20181018', 'Ranger', 610000, '23/01/2017', 'SEWA-LEASING', 'Tersedia', 700000),
('KDM20181109', 'BG8490UM', 'KB20181102', 'KT20181027', 'New Dyna', 570000, '13/08/2017', 'SEWA-LEASING', 'Tersedia', 650000),
('KDM20181110', 'BG8345UM', 'KB20181102', 'KT20181030', 'New Dyna', 550000, '14/08/2017', 'SEWA-LEASING', 'Tersedia', 650000),
('KDM20181111', 'BG8346UM', 'KB20181102', 'KT20181030', 'New Dyna', 500000, '15/08/2017', 'SEWA-LEASING', 'Tersedia', 600000),
('KDM20181112', 'BG8342UM', 'KB20181102', 'KT20181025', 'New Dyna', 500000, '16/08/2017', 'SEWA-LEASING', 'Tersedia', 600000),
('KDM20181113', 'BG8343UM', 'KB20181102', 'KT20181025', 'New Dyna', 550000, '17/08/2017', 'SEWA-LEASING', 'Tersedia', 650000),
('KDM20181114', 'BG8327UM', 'KB20181102', 'KT20181025', 'New Dyna', 500000, '28/07/2016', 'SEWA-LEASING', 'Tersedia', 620000),
('KDM20181115', 'BG8328UM', 'KB20181102', 'KT20181030', 'New Dyna', 570000, '29/07/2016', 'SEWA-LEASING', 'Tersedia', 650000),
('KDM20181116', 'BG9620NE', 'KB20181101', 'KT20181032', 'Strada Triton', 700000, '20/07/2017', 'SEWA-LEASING', 'Tersedia', 850000),
('KDM20181117', 'L1546BW', 'KB20181103', 'KT20180993', 'Xenia', 750000, '11/11/2016', 'SEWA-LEASING', 'Tersedia', 850000),
('KDM20181118', 'BG9305NL', 'KB20181101', 'KT20181032', 'Strada Trit5on', 550000, '21/07/2017', 'SEPO-TRAC-TANJUNG ENIM', 'Tersedia', 750000),
('KDM20181119', 'BA1604BE', 'KB20181103', 'KT20180993', 'Gran Max', 600000, '14/11/2016', 'SEWA-LEASING', 'Tersedia', 750000),
('KDM20181120', 'BG1559RN', 'KB20181106', 'KT20181058', 'Carry Futura', 850000, '07/07/2017', 'BALAI-IBID-PALEMBANG', 'Tersedia', 950000),
('KDM20181121', 'BG8926UN', 'KB20181102', 'KT20181030', 'New Dyna', 550000, '18/04/2017', 'SEWA-LEASING', 'Tersedia', 650000),
('KDM20181122', 'BG8876UN', 'KB20181102', 'KT20181031', 'New Dyna', 700000, '28/06/2017', 'SEWA-LEASING', 'Tersedia', 850000),
('KDM20181123', 'BG8875UN', 'KB20181102', 'KT20181031', 'New Dyna', 750000, '14/07/2017', 'SEWA-LEASING', 'Tersedia', 860000),
('KDM20181124', 'BG8873UN', 'KB20181102', 'KT20181030', 'New Dyna', 550000, '14/07/2017', 'SEWA-LEASING', 'Tersedia', 650000),
('KDM20181125', 'BG8874UN', 'KB20181102', 'KT20181032', 'New Dyna', 0, '17/07/2017', 'SEWA-LEASING', 'Tersedia', 0),
('KDM20181126', 'BN2936AY', 'KB20181102', 'KT20181032', 'Avanza', 750000, '18/07/2017', 'SEPO-TRAC-PANGKAL PINANG', 'Tersedia', 850000),
('KDM20181127', 'BH1744HE', 'KB20181103', 'KT20180993', 'Gran Max', 0, '15/11/2016', 'SEWA-LEASING', 'Tersedia', 0),
('KDM20181128', 'BN2938AY', 'KB20181102', 'KT20181062', 'Kijang Innova', 850000, '08/09/2017', 'POOL-TRAC-PLG-SOETTA', 'Tersedia', 960000),
('KDM20181129', 'BG8587UO', 'KB20181102', 'KT20181073', 'New Dyna', 1000000, '09/09/2017', 'SEWA-LEASING', 'Tersedia', 1200000),
('KDM20181130', 'BG1275RQ', 'KB20181106', 'KT20181053', 'Carry Futura', 0, '07/07/2017', 'POOL-TRAC-PLG-SOETTA', 'Tersedia', 0),
('KDM20181131', 'B1027UOU', 'KB20181102', 'KT20181074', 'Kijang Innova', 850000, '10/09/2017', 'POOL-TRAC-PLG-SOETTA', 'Tersedia', 1000000),
('KDM20181132', 'BG9887NL', 'KB20181104', 'KT20181007', 'D-Max', 0, '10/06/2017', 'SEWA-LEASING', 'Tersedia', 0),
('KDM20181133', 'BG9891NL', 'KB20181104', 'KT20181007', 'D-Max', 0, '14/06/2017', 'SEWA-LEASING', 'Tersedia', 0),
('KDM20181134', 'H1356PW', 'KB20181102', 'KT20181075', 'New Dyna', 0, '11/09/2017', 'SEWA-LEASING', 'Tersedia', 0),
('KDM20181135', 'BG9049NM', 'KB20181104', 'KT20181007', 'D-Max', 0, '17/06/2017', 'SEWA-LEASING', 'Tersedia', 0),
('KDM20181136', 'BG9050NM', 'KB20181104', 'KT20181007', 'D-Max', 0, '27/06/2017', 'SEWA-LEASING', 'Tersedia', 0),
('KDM20181137', 'BG9060NM', 'KB20181104', 'KT20181007', 'D-Max', 0, '28/06/2017', 'SEWA-LEASING', 'Tersedia', 0),
('KDM20181138', 'BG9053NM', 'KB20181104', 'KT20181007', 'D-Max', 0, '29/06/2017', 'SEWA-LEASING', 'Tersedia', 0),
('KDM20181139', 'BG9056NM', 'KB20181104', 'KT20181020', 'D-Max', 0, '29/06/2017', 'SEWA-LEASING', 'Tersedia', 0),
('KDM20181140', 'BG1894RQ', 'KB20181106', 'KT20181059', 'Carry Futura', 0, '07/07/2017', 'BALAI-IBID-PALEMBANG', 'Tersedia', 0),
('KDM20181141', 'H1370PW', 'KB20181102', 'KT20181066', 'New Dyna', 0, '12/09/2017', 'SEWA-LEASING', 'Tersedia', 0),
('KDM20181142', 'BG8903LO', 'KB20181101', 'KT20181034', 'Colt Diesel', 0, '22/07/2017', 'SEWA-LEASING', 'Tersedia', 0),
('KDM20181143', 'BG8955LO', 'KB20181101', 'KT20181032', 'Colt Diesel', 0, '23/07/2017', 'SEWA-LEASING', 'Tersedia', 0),
('KDM20181144', 'H1389PW', 'KB20181101', 'KT20181032', 'Colt Diesel', 0, '24/07/2017', 'BENGKEL REPAIR', 'Tersedia', 0),
('KDM20181145', 'BG1304RT', 'KB20181106', 'KT20181059', 'Carry Futura', 0, '11/07/2017', 'POOL-TRAC-PLG-SOETTA', 'Tersedia', 0),
('KDM20181146', 'BG1305RT', 'KB20181106', 'KT20181095', 'Carry Futura', 0, '11/07/2017', 'BALAI-IBID-PALEMBANG', 'Tersedia', 0),
('KDM20181147', 'BG1548RT', 'KB20181106', 'KT20181041', 'Carry Futura', 0, '12/07/2017', 'BALAI-IBID-PALEMBANG', 'Tersedia', 0),
('KDM20181148', 'KH8127GJ', 'KB20181102', 'KT20181053', 'Hilux', 0, '13/09/2017', 'SEWA-LEASING', 'Tersedia', 0),
('KDM20181149', 'DA9004BP', 'KB20181102', 'KT20181053', 'Hilux', 0, '14/09/2017', 'BALAI-IBID-PALEMBANG', 'Tersedia', 0),
('KDM20181150', 'KH8126GJ', 'KB20181102', 'KT20181055', 'Hilux', 0, '15/09/2017', 'BALAI-IBID-PALEMBANG', 'Tersedia', 0),
('KDM20181151', 'B9543UCG', 'KB20181101', 'KT20181012', 'Colt Diesel', 0, '10/06/2017', 'SEWA-LEASING', 'Tersedia', 0),
('KDM20181152', 'F1245DG', 'KB20181102', 'KT20181058', 'Vios', 0, '16/09/2017', 'SEWA-LEASING', 'Tersedia', 0),
('KDM20181153', 'BG9140NM', 'KB20181103', 'KT20180993', 'Gran Max', 0, '16/11/2016', 'SEWA-LEASING', 'Tersedia', 0),
('KDM20181154', 'BG9139NM', 'KB20181103', 'KT20180992', 'Gran Max', 0, '17/11/2016', 'SEWA-LEASING', 'Tersedia', 0),
('KDM20181155', 'BG8960UO', 'KB20181102', 'KT20181053', 'New Dyna', 0, '17/09/2017', 'SEWA-LEASING', 'Tersedia', 0),
('KDM20181156', 'BG8956UO', 'KB20181102', 'KT20181053', 'New Dyna', 0, '18/09/2017', 'SEWA-LEASING', 'Tersedia', 0),
('KDM20181157', 'BG8959UO', 'KB20181102', 'KT20181053', 'New Dyna', 0, '19/09/2017', 'SEWA-LEASING', 'Tersedia', 0),
('KDM20181158', 'BG1148ZC', 'KB20181106', 'KT20181061', 'Carry Real Van', 0, '12/07/2017', 'SEWA-LEASING', 'Tersedia', 0),
('KDM20181159', 'BG1150ZC', 'KB20181106', 'KT20181061', 'Carry Real Van', 0, '14/07/2017', 'SEWA-LEASING', 'Tersedia', 0),
('KDM20181160', 'BG1151ZC', 'KB20181106', 'KT20181061', 'Carry Real Van', 0, '14/07/2017', 'SEWA-LEASING', 'Tersedia', 0),
('KDM20181161', 'BG1152ZC', 'KB20181106', 'KT20181061', 'Carry Real Van', 700000, '19/07/2017', 'SEWA-LEASING', 'Tersedia', 800000),
('KDM20181162', 'BG1153ZC', 'KB20181106', 'KT20181061', 'Carry Real Van', 700000, '23/07/2017', 'SEWA-LEASING', 'Tersedia', 850000),
('KDM20181163', 'BG8654UQ', 'KB20181102', 'KT20181053', 'New Dyna', 0, '20/09/2017', 'POOL-TRAC-PLG-SOETTA', 'Tersedia', 0),
('KDM20181164', 'BG8657UQ', 'KB20181102', 'KT20181053', 'New Dyna', 0, '21/09/2017', 'SEWA-LEASING', 'Tersedia', 0),
('KDM20181165', 'BG8731UQ', 'KB20181102', 'KT20181053', 'New Dyna', 0, '22/09/2017', 'SEWA-LEASING', 'Tersedia', 0),
('KDM20181166', 'BG8738UQ', 'KB20181102', 'KT20181053', 'New Dyna', 0, '23/09/2017', 'SEWA-LEASING', 'Tersedia', 0),
('KDM20181167', 'BG8739UQ', 'KB20181102', 'KT20181055', 'New Dyna', 0, '24/09/2017', 'SEWA-LEASING', 'Tersedia', 0),
('KDM20181168', 'BG8735UQ', 'KB20181102', 'KT20181055', 'New Dyna', 0, '25/09/2017', 'SEWA-LEASING', 'Tersedia', 0),
('KDM20181169', 'BG8733UQ', 'KB20181102', 'KT20181055', 'New Dyna', 0, '26/09/2017', 'SEWA-LEASING', 'Tersedia', 0),
('KDM20181170', 'BG8736UQ', 'KB20181102', 'KT20181053', 'New Dyna', 0, '27/09/2017', 'POOL-TRAC-PLG-SOETTA', 'Tersedia', 0),
('KDM20181171', 'BG8730UQ', 'KB20181102', 'KT20181053', 'New Dyna', 0, '28/09/2017', 'SEWA-LEASING', 'Tersedia', 0),
('KDM20181172', 'B1523UZD', 'KB20181103', 'KT20180994', 'Xenia', 0, '18/11/2016', 'SEWA-LEASING', 'Tersedia', 0),
('KDM20181173', 'BG1025ZH', 'KB20181106', 'KT20181053', 'Carry Real Van', 0, '24/07/2017', 'SEWA-LEASING', 'Tersedia', 0),
('KDM20181174', 'BG1027ZH', 'KB20181106', 'KT20181062', 'Carry Real Van', 0, '24/07/2017', 'SEWA-LEASING', 'Tersedia', 0),
('KDM20181175', 'BG1026ZH', 'KB20181106', 'KT20181054', 'Carry Real Van', 0, '28/07/2017', 'SEWA-LEASING', 'Tersedia', 0),
('KDM20181176', 'BG1028ZH', 'KB20181106', 'KT20181054', 'Carry Real Van', 0, '29/07/2017', 'SEWA-LEASING', 'Tersedia', 0),
('KDM20181177', 'BG1372ZH', 'KB20181106', 'KT20181051', 'Carry Real Van', 0, '30/07/2017', 'SEWA-LEASING', 'Tersedia', 0),
('KDM20181178', 'BG1460ZH', 'KB20181106', 'KT20181062', 'Carry Real Van', 0, '31/07/2017', 'SEWA-LEASING', 'Tersedia', 0),
('KDM20181179', 'BG7707D', 'KB20181101', 'KT20181012', 'Colt Diesel', 0, '17/06/2017', 'SEWA-LEASING', 'Tersedia', 0),
('KDM20181180', 'BG7709D', 'KB20181101', 'KT20181012', 'Colt Diesel', 0, '27/06/2017', 'POOL-TRAC-PLG-SOETTA', 'Tersedia', 0),
('KDM20181181', 'BG7703D', 'KB20181101', 'KT20181012', 'Colt Diesel', 0, '28/06/2017', 'SEWA-LEASING', 'Tersedia', 0),
('KDM20181182', 'D8066EE', 'KB20181101', 'KT20181032', 'Colt Diesel', 0, '29/06/2017', 'SEWA-LEASING', 'Tersedia', 0),
('KDM20181183', 'BE9380CK', 'KB20181103', 'KT20180995', 'Gran Max', 0, '21/11/2016', 'SEWA-LEASING', 'Tersedia', 0),
('KDM20181184', 'BE2986YL', 'KB20181106', 'KT20181063', 'Carry Real Van', 0, '01/08/2017', 'SEWA-LEASING', 'Tersedia', 0),
('KDM20181185', 'BG9211NP', 'KB20181104', 'KT20181002', 'D-Max', 0, '04/07/2017', 'SEWA-LEASING', 'Tersedia', 0),
('KDM20181186', 'BG7702D', 'KB20181101', 'KT20181034', 'Colt Diesel', 0, '29/06/2017', 'SEWA-LEASING', 'Tersedia', 0),
('KDM20181187', 'BG7701D', 'KB20181101', 'KT20181034', 'Colt Diesel', 0, '04/07/2017', 'SEWA-LEASING', 'Tersedia', 0),
('KDM20181188', 'BG7708D', 'KB20181101', 'KT20181034', 'Colt Diesel', 0, '07/07/2017', 'SEWA-LEASING', 'Tersedia', 0),
('KDM20181189', 'BG7705D', 'KB20181101', 'KT20181035', 'Colt Diesel', 0, '07/07/2017', 'SEWA-LEASING', 'Tersedia', 0),
('KDM20181190', 'BN9007HB', 'KB20181103', 'KT20180996', 'Gran Max', 0, '22/11/2016', 'SEWA-LEASING', 'Tersedia', 0),
('KDM20181191', 'BE2705YL', 'KB20181106', 'KT20181064', 'Carry Real Van', 0, '02/08/2017', 'SEWA-LEASING', 'Tersedia', 0),
('KDM20181192', 'D8849EE', 'KB20181101', 'KT20181024', 'Colt Diesel', 0, '07/07/2017', 'SEWA-LEASING', 'Tersedia', 0),
('KDM20181193', 'BG1453ZL', 'KB20181104', 'KT20181002', 'Panther', 0, '07/07/2017', 'SEWA-LEASING', 'Tersedia', 0),
('KDM20181194', 'BG9972NP', 'KB20181102', 'KT20181053', 'Hilux', 0, '29/09/2017', 'GANTI-SEMENTARA', 'Tersedia', 0),
('KDM20181195', 'B1611UZO', 'KB20181102', 'KT20181053', 'Avanza', 0, '30/09/2017', 'POOL-TRAC-PLG-SOETTA', 'Tersedia', 0),
('KDM20181196', 'BG8986UR', 'KB20181101', 'KT20181024', 'Colt Diesel', 0, '11/07/2017', 'BENGKEL BODY REPAIR', 'Tersedia', 0),
('KDM20181197', 'BG9598NQ', 'KB20181101', 'KT20181025', 'Colt L300', 0, '11/07/2017', 'SEWA-LEASING', 'Tersedia', 0),
('KDM20181198', 'BG8988UR', 'KB20181101', 'KT20181032', 'Colt Diesel', 0, '14/07/2017', 'BENGKEL REPAIR', 'Tersedia', 0),
('KDM20181199', 'BG8985UR', 'KB20181101', 'KT20181036', 'Colt Diesel', 0, '19/07/2017', 'SEWA-LEASING', 'Tersedia', 0),
('KDM20181200', 'BG8984UR', 'KB20181101', 'KT20181036', 'Colt Diesel', 0, '23/07/2017', 'SEWA-LEASING', 'Tersedia', 0),
('KDM20181201', 'BG8983UR', 'KB20181101', 'KT20181036', 'Colt Diesel', 0, '24/07/2017', 'SEWA-LEASING', 'Tersedia', 0),
('KDM20181202', 'BG9244NQ', 'KB20181102', 'KT20181053', 'Hilux', 0, '01/10/2017', 'SEWA-LEASING', 'Tersedia', 0),
('KDM20181203', 'BG8981UR', 'KB20181101', 'KT20181000', 'Colt Diesel', 0, '24/07/2017', 'SEWA-LEASING', 'Tersedia', 0),
('KDM20181204', 'BG8982UR', 'KB20181101', 'KT20181037', 'Colt Diesel', 0, '28/07/2017', 'SEWA-LEASING', 'Tersedia', 0),
('KDM20181205', 'D8504EG', 'KB20181101', 'KT20181038', 'Colt Diesel', 0, '29/07/2017', 'SEWA-LEASING', 'Tersedia', 0),
('KDM20181206', 'D8508EG', 'KB20181101', 'KT20181038', 'Colt Diesel', 0, '30/07/2017', 'SEWA-LEASING', 'Tersedia', 0),
('KDM20181207', 'D8506EG', 'KB20181101', 'KT20181030', 'Colt Diesel', 0, '31/07/2017', 'SEWA-LEASING', 'Tersedia', 0),
('KDM20181208', 'BG8979UR', 'KB20181101', 'KT20181025', 'Colt Diesel', 0, '01/08/2017', 'SEWA-LEASING', 'Tersedia', 0),
('KDM20181209', 'BG8980UR', 'KB20181101', 'KT20181030', 'Colt Diesel', 0, '02/08/2017', 'SEWA-LEASING', 'Tersedia', 0),
('KDM20181210', 'BG9137NQ', 'KB20181109', 'KT20181018', 'Ranger', 0, '24/01/2017', 'SEWA-LEASING', 'Tersedia', 0),
('KDM20181211', 'BG9138NQ', 'KB20181110', 'KT20181007', 'Ranger', 0, '25/01/2017', 'SEWA-LEASING', 'Tersedia', 0),
('KDM20181212', 'BG8238US', 'KB20181101', 'KT20181039', 'Colt Diesel', 0, '03/08/2017', 'SEWA-LEASING', 'Tersedia', 0),
('KDM20181213', 'BG1853ZR', 'KB20181103', 'KT20180997', 'Xenia', 0, '23/11/2016', 'SEWA-LEASING', 'Tersedia', 0),
('KDM20181214', 'BG1845ZR', 'KB20181103', 'KT20180997', 'Xenia', 0, '24/11/2016', 'SEWA-LEASING', 'Tersedia', 0),
('KDM20181215', 'BG1179ZS', 'KB20181102', 'KT20181053', 'Kijang Innova', 0, '02/10/2017', 'SEWA-LEASING', 'Tersedia', 0),
('KDM20181216', 'BG1851ZR', 'KB20181103', 'KT20180997', 'Xenia', 0, '25/11/2016', 'SEWA-LEASING', 'Tersedia', 0),
('KDM20181217', 'BG1848ZR', 'KB20181103', 'KT20180997', 'Xenia', 0, '28/11/2016', 'SEWA-LEASING', 'Tersedia', 0),
('KDM20181218', 'BG9428DJ', 'KB20181101', 'KT20181039', 'Strada Triton', 0, '04/08/2017', 'SEWA-LEASING', 'Tersedia', 0),
('KDM20181219', 'BG1843ZR', 'KB20181103', 'KT20180997', 'Xenia', 0, '29/11/2016', 'SEWA-LEASING', 'Tersedia', 0),
('KDM20181220', 'BG1850ZR', 'KB20181103', 'KT20180997', 'Xenia', 0, '30/11/2016', 'SEWA-LEASING', 'Tersedia', 0),
('KDM20181221', 'BG9368NQ', 'KB20181104', 'KT20181002', 'D-Max', 0, '07/07/2017', 'SEWA-LEASING', 'Tersedia', 0),
('KDM20181222', 'BG9369NQ', 'KB20181104', 'KT20181002', 'D-Max', 0, '07/07/2017', 'SEWA-LEASING', 'Tersedia', 0),
('KDM20181223', 'BG9370NQ', 'KB20181104', 'KT20181002', 'D-Max', 0, '11/07/2017', 'SEWA-LEASING', 'Tersedia', 0),
('KDM20181224', 'BG9313NQ', 'KB20181104', 'KT20181002', 'D-Max', 0, '11/07/2017', 'SEWA-LEASING', 'Tersedia', 0),
('KDM20181225', 'BG1852ZR', 'KB20181103', 'KT20180998', 'Xenia', 0, '01/12/2016', 'SEWA-LEASING', 'Tersedia', 0),
('KDM20181226', 'BG9438DJ', 'KB20181101', 'KT20181039', 'Strada Triton', 0, '05/08/2017', 'POOL-TRAC-PLG-SOETTA', 'Tersedia', 0),
('KDM20181227', 'BG9436DJ', 'KB20181101', 'KT20181039', 'Strada Triton', 0, '06/08/2017', 'SEWA-LEASING', 'Tersedia', 0),
('KDM20181228', 'BG9439DJ', 'KB20181101', 'KT20181039', 'Strada Triton', 0, '07/08/2017', 'SEWA-LEASING', 'Tersedia', 0),
('KDM20181229', 'BG9655NQ', 'KB20181101', 'KT20181024', 'Strada Triton', 0, '08/08/2017', 'SEWA-LEASING', 'Tersedia', 0),
('KDM20181230', 'BG1047ZV', 'KB20181106', 'KT20181065', 'Carry Futura', 0, '03/08/2017', 'SEWA-LEASING', 'Tersedia', 0),
('KDM20181231', 'BG1048ZV', 'KB20181106', 'KT20181054', 'Carry Futura', 0, '04/08/2017', 'SEWA-LEASING', 'Tersedia', 0),
('KDM20181232', 'D8957EG', 'KB20181101', 'KT20181024', 'Colt Diesel', 0, '09/08/2017', 'SEWA-LEASING', 'Tersedia', 0),
('KDM20181233', 'BG1193ZV', 'KB20181103', 'KT20180999', 'Xenia', 0, '02/12/2016', 'SEWA-LEASING', 'Tersedia', 0),
('KDM20181234', 'BN2860HB', 'KB20181102', 'KT20181076', 'Avanza', 0, '03/10/2017', 'BALAI-IBID-PALEMBANG', 'Tersedia', 0),
('KDM20181235', 'BG1558ZV', 'KB20181102', 'KT20181053', 'Avanza', 0, '04/10/2017', 'SEWA-LEASING', 'Tersedia', 0),
('KDM20181236', 'BG1557ZV', 'KB20181102', 'KT20181053', 'Avanza', 0, '05/10/2017', 'SEWA-LEASING', 'Tersedia', 0),
('KDM20181237', 'BG9713NQ', 'KB20181101', 'KT20181024', 'Strada Triton', 0, '10/08/2017', 'POOL-TRAC-PLG-SOETTA', 'Tersedia', 0),
('KDM20181238', 'BG9090FS', 'KB20181104', 'KT20181021', 'Panther', 0, '12/07/2017', 'SEWA-LEASING', 'Tersedia', 0),
('KDM20181239', 'BD1120AK', 'KB20181103', 'KT20181000', 'Gran Max', 0, '03/12/2016', 'POOL-TRAC-PLG-SOETTA', 'Tersedia', 0),
('KDM20181240', 'BG1877ZW', 'KB20181103', 'KT20181001', 'Gran Max', 0, '04/12/2016', 'BALAI-IBID-PALEMBANG', 'Tersedia', 0),
('KDM20181241', 'BG8917US', 'KB20181101', 'KT20181024', 'Colt Diesel', 0, '11/08/2017', 'SEWA-LEASING', 'Tersedia', 0),
('KDM20181242', 'BG8023UV', 'KB20181101', 'KT20181024', 'Colt Diesel', 0, '12/08/2017', 'SEWA-LEASING', 'Tersedia', 0),
('KDM20181243', 'BG8936US', 'KB20181101', 'KT20181039', 'Colt Diesel', 0, '13/08/2017', 'SEWA-LEASING', 'Tersedia', 0),
('KDM20181244', 'B1337UZZ', 'KB20181102', 'KT20181077', 'Avanza', 0, '06/10/2017', 'SEWA-LEASING', 'Tersedia', 0),
('KDM20181245', 'B1217UZZ', 'KB20181102', 'KT20181053', 'Avanza', 0, '07/10/2017', 'SEWA-LEASING', 'Tersedia', 0),
('KDM20181246', 'B1149UZZ', 'KB20181102', 'KT20181053', 'Avanza', 0, '08/10/2017', 'SEWA-LEASING', 'Tersedia', 0),
('KDM20181247', 'B1437UZZ', 'KB20181102', 'KT20181077', 'Avanza', 0, '09/10/2017', 'SEWA-LEASING', 'Tersedia', 0),
('KDM20181248', 'B1585UZZ', 'KB20181102', 'KT20181059', 'Avanza', 0, '10/10/2017', 'SEWA-LEASING', 'Tersedia', 0),
('KDM20181249', 'BG1478IB', 'KB20181106', 'KT20181066', 'Carry Futura', 0, '05/08/2017', 'SEWA-LEASING', 'Tersedia', 0),
('KDM201812493', 'BG 420', 'KB20181101', 'KT20180992', 'dada', 500000, '12/21/2018', 'SEWA-LEASING', 'Tersedia', 500000),
('KDM20181250', 'BG1475IB', 'KB20181106', 'KT20181067', 'Carry Futura', 0, '06/08/2017', 'SEWA-LEASING', 'Tersedia', 0),
('KDM20181251', 'BG1474IB', 'KB20181106', 'KT20181066', 'Carry Futura', 0, '07/08/2017', 'SEWA-LEASING', 'Tersedia', 0),
('KDM20181252', 'BG1477IB', 'KB20181106', 'KT20181067', 'Carry Futura', 0, '08/08/2017', 'SEWA-LEASING', 'Tersedia', 0),
('KDM20181253', 'BG1476IB', 'KB20181106', 'KT20181066', 'Carry Futura', 0, '09/08/2017', 'SEWA-LEASING', 'Tersedia', 0),
('KDM20181254', 'B1284UZZ', 'KB20181102', 'KT20181053', 'Avanza', 0, '11/10/2017', 'BALAI-IBID-PALEMBANG', 'Tersedia', 0),
('KDM20181255', 'B1011URA', 'KB20181102', 'KT20181053', 'Avanza', 0, '12/10/2017', 'SEWA-LEASING', 'Tersedia', 0),
('KDM20181256', 'B1324UZZ', 'KB20181102', 'KT20181066', 'Avanza', 0, '13/10/2017', 'SEWA-LEASING', 'Tersedia', 0),
('KDM20181257', 'B1307UZZ', 'KB20181102', 'KT20181053', 'Avanza', 0, '14/10/2017', 'BALAI-IBID-PALEMBANG', 'Tersedia', 0),
('KDM20181258', 'B1246UZZ', 'KB20181102', 'KT20181079', 'Avanza', 0, '15/10/2017', 'SEWA-LEASING', 'Tersedia', 0),
('KDM20181259', 'B1157UZZ', 'KB20181102', 'KT20181079', 'Avanza', 0, '16/10/2017', 'POOL-TRAC-PLG-SOETTA', 'Tersedia', 0),
('KDM20181260', 'B1370UZZ', 'KB20181102', 'KT20181059', 'Avanza', 0, '17/10/2017', 'SEWA-LEASING', 'Tersedia', 0),
('KDM20181261', 'B1463URA', 'KB20181102', 'KT20181075', 'Avanza', 0, '18/10/2017', 'SEWA-LEASING', 'Tersedia', 0),
('KDM20181262', 'B1156UZZ', 'KB20181102', 'KT20181080', 'Avanza', 0, '19/10/2017', 'GANTI-SEMENTARA', 'Tersedia', 0),
('KDM20181263', 'BG8251UV', 'KB20181101', 'KT20181039', 'Colt Diesel', 0, '14/08/2017', 'SEWA-LEASING', 'Tersedia', 0),
('KDM20181264', 'BG8142UV', 'KB20181101', 'KT20181039', 'Colt Diesel', 0, '15/08/2017', 'SEWA-LEASING', 'Tersedia', 0),
('KDM20181265', 'B1462UZZ', 'KB20181102', 'KT20181080', 'Avanza', 0, '20/10/2017', 'SEWA-LEASING', 'Tersedia', 0),
('KDM20181266', 'BG8283UV', 'KB20181101', 'KT20181039', 'Colt Diesel', 0, '16/08/2017', 'SEWA-LEASING', 'Tersedia', 0),
('KDM20181267', 'BG995BS', 'KB20181102', 'KT20181080', 'Kijang Innova', 0, '21/10/2017', 'SEWA-LEASING', 'Tersedia', 0),
('KDM20181268', 'BG996BS', 'KB20181102', 'KT20181080', 'Kijang Innova', 0, '22/10/2017', 'SEWA-LEASING', 'Tersedia', 0),
('KDM20181269', 'BG997BS', 'KB20181102', 'KT20181080', 'Kijang Innova', 0, '10/11/2016', 'SEWA-LEASING', 'Tersedia', 0),
('KDM20181270', 'B1340UZZ', 'KB20181102', 'KT20181081', 'Avanza', 0, '11/11/2016', 'BALAI-IBID-PALEMBANG', 'Tersedia', 0),
('KDM20181271', 'B1144UZZ', 'KB20181102', 'KT20181082', 'Avanza', 0, '14/11/2016', 'SEWA-LEASING', 'Tersedia', 0),
('KDM20181272', 'B1687UZZ', 'KB20181102', 'KT20181081', 'Avanza', 0, '15/11/2016', 'POOL-TRAC-PLG-SOETTA', 'Tersedia', 0),
('KDM20181273', 'BG1440IB', 'KB20181102', 'KT20181081', 'Avanza', 0, '16/11/2016', 'POOL-TRAC-PLG-SOETTA', 'Tersedia', 0),
('KDM20181274', 'BG1584IB', 'KB20181102', 'KT20181081', 'Avanza', 0, '17/11/2016', 'SEWA-LEASING', 'Tersedia', 0),
('KDM20181275', 'BG1685IB', 'KB20181102', 'KT20181058', 'Avanza', 0, '18/11/2016', 'SEWA-LEASING', 'Tersedia', 0),
('KDM20181276', 'B1703UZZ', 'KB20181102', 'KT20181080', 'Avanza', 0, '21/11/2016', 'SEWA-LEASING', 'Tersedia', 0),
('KDM20181277', 'BG1692ID', 'KB20181101', 'KT20181039', 'Pajero Sport', 0, '03/06/2017', 'SEWA-LEASING', 'Tersedia', 0),
('KDM20181278', 'BG1691ID', 'KB20181101', 'KT20181039', 'Pajero Sport', 0, '14/06/2017', 'SEWA-LEASING', 'Tersedia', 0),
('KDM20181279', 'BG9310NV', 'KB20181101', 'KT20181039', 'Strada Triton', 0, '12/07/2017', 'SEWA-LEASING', 'Tersedia', 0),
('KDM20181280', 'BG9314NV', 'KB20181101', 'KT20181039', 'Strada Triton', 0, '12/07/2017', 'GANTI-SEMENTARA', 'Tersedia', 0),
('KDM20181281', 'BG9307NV', 'KB20181101', 'KT20181039', 'Strada Triton', 0, '14/07/2017', 'GANTI-SEMENTARA', 'Tersedia', 0),
('KDM20181282', 'BG9309NV', 'KB20181101', 'KT20181025', 'Strada Triton', 0, '31/07/2017', 'SEWA-LEASING', 'Tersedia', 0),
('KDM20181283', 'DA8670BI', 'KB20181102', 'KT20181051', 'Fortuner', 0, '22/11/2016', 'GANTI-SEMENTARA', 'Tersedia', 0),
('KDM20181284', 'BG9305NV', 'KB20181101', 'KT20181025', 'Strada Triton', 0, '01/08/2017', 'POOL-TRAC-PLG-SOETTA', 'Tersedia', 0),
('KDM20181285', 'BG9304NV', 'KB20181101', 'KT20181039', 'Strada Triton', 0, '02/08/2017', 'GANTI-SEMENTARA', 'Tersedia', 0),
('KDM20181286', 'BG9312NV', 'KB20181101', 'KT20181025', 'Strada Triton', 0, '03/08/2017', 'POOL-TRAC-PLG-SOETTA', 'Tersedia', 0),
('KDM20181287', 'BG9308NV', 'KB20181101', 'KT20181040', 'Strada Triton', 0, '04/08/2017', 'GANTI-SEMENTARA', 'Tersedia', 0),
('KDM20181288', 'BG9313NV', 'KB20181101', 'KT20181040', 'Strada Triton', 0, '05/08/2017', 'SEWA-LEASING', 'Tersedia', 0),
('KDM20181289', 'BG9315NV', 'KB20181101', 'KT20181041', 'Strada Triton', 0, '06/08/2017', 'POOL-TRAC-PLG-SOETTA', 'Tersedia', 0),
('KDM20181290', 'BG9379NV', 'KB20181101', 'KT20181039', 'Strada Triton', 0, '07/08/2017', 'GANTI-SEMENTARA', 'Tersedia', 0),
('KDM20181291', 'BG191BS', 'KB20181102', 'KT20181071', 'Kijang Innova', 0, '23/11/2016', 'SEWA-LEASING', 'Tersedia', 0),
('KDM20181292', 'BG9437NW', 'KB20181101', 'KT20181042', 'Strada Triton', 0, '08/08/2017', 'SEWA-LEASING', 'Tersedia', 0),
('KDM20181293', 'BG9438NW', 'KB20181101', 'KT20181039', 'Strada Triton', 0, '09/08/2017', 'SEWA-LEASING', 'Tersedia', 0),
('KDM20181294', 'BH9051AS', 'KB20181102', 'KT20181080', 'Hilux', 0, '24/11/2016', 'BENGKEL BODY REPAIR', 'Tersedia', 0),
('KDM20181295', 'BG8731UV', 'KB20181101', 'KT20181039', 'Colt Diesel', 0, '10/08/2017', 'SEWA-LEASING', 'Tersedia', 0),
('KDM20181296', 'BG8725UV', 'KB20181101', 'KT20181039', 'Colt Diesel', 0, '10/11/2016', 'SEWA-LEASING', 'Tersedia', 0),
('KDM20181297', 'BG8727UV', 'KB20181101', 'KT20181036', 'Colt Diesel', 0, '11/11/2016', 'SEWA-LEASING', 'Tersedia', 0),
('KDM20181298', 'BG8730UV', 'KB20181101', 'KT20181039', 'Colt Diesel', 0, '14/11/2016', 'SEWA-LEASING', 'Tersedia', 0),
('KDM20181299', 'BG8734UV', 'KB20181101', 'KT20181043', 'Colt Diesel', 0, '15/11/2016', 'SEWA-LEASING', 'Tersedia', 0),
('KDM20181300', 'BG8726UV', 'KB20181101', 'KT20181043', 'Colt Diesel', 0, '16/11/2016', 'SEWA-LEASING', 'Tersedia', 0),
('KDM20181301', 'BG8728UV', 'KB20181101', 'KT20181044', 'Colt Diesel', 0, '17/11/2016', 'SEWA-LEASING', 'Tersedia', 0),
('KDM20181302', 'BG8724UV', 'KB20181101', 'KT20181044', 'Colt Diesel', 0, '18/11/2016', 'SEWA-LEASING', 'Tersedia', 0),
('KDM20181303', 'BG8732UV', 'KB20181101', 'KT20181044', 'Colt Diesel', 0, '21/11/2016', 'SEWA-LEASING', 'Tersedia', 0),
('KDM20181304', 'BG8733UV', 'KB20181101', 'KT20181044', 'Colt Diesel', 0, '22/11/2016', 'SEWA-LEASING', 'Tersedia', 0),
('KDM20181305', 'BG8735UV', 'KB20181101', 'KT20181045', 'Colt Diesel', 0, '23/11/2016', 'SEWA-LEASING', 'Tersedia', 0),
('KDM20181306', 'BG8729UV', 'KB20181101', 'KT20181044', 'Colt Diesel', 0, '24/11/2016', 'SEWA-LEASING', 'Tersedia', 0),
('KDM20181307', 'BG8388DE', 'KB20181101', 'KT20181044', 'Colt Diesel', 0, '25/11/2016', 'BENGKEL REPAIR', 'Tersedia', 0),
('KDM20181308', 'BG8504UV', 'KB20181101', 'KT20181044', 'Colt Diesel', 0, '28/11/2016', 'SEWA-LEASING', 'Tersedia', 0),
('KDM20181309', 'BG8503UV', 'KB20181101', 'KT20181044', 'Colt Diesel', 0, '29/11/2016', 'SEWA-LEASING', 'Tersedia', 0),
('KDM20181310', 'BG8506UV', 'KB20181101', 'KT20181044', 'Colt Diesel', 0, '30/11/2016', 'SEWA-LEASING', 'Tersedia', 0),
('KDM20181311', 'BG9515NV', 'KB20181104', 'KT20181021', 'Panther', 0, '12/07/2017', 'BALAI-IBID-PALEMBANG', 'Tersedia', 0),
('KDM20181312', 'BG9616NV', 'KB20181104', 'KT20181021', 'Panther', 0, '14/07/2017', 'BALAI-IBID-PALEMBANG', 'Tersedia', 0),
('KDM20181313', 'B1868UJI', 'KB20181101', 'KT20181044', 'Outlander', 0, '01/12/2016', 'SEWA-LEASING', 'Tersedia', 0),
('KDM20181314', 'BE2894YS', 'KB20181106', 'KT20181067', 'Carry Futura', 0, '10/08/2017', 'SEWA-LEASING', 'Tersedia', 0),
('KDM20181315', 'B1482URF', 'KB20181102', 'KT20181080', 'Kijang Innova', 0, '25/11/2016', 'SEWA-LEASING', 'Tersedia', 0),
('KDM20181316', 'BG9562NV', 'KB20181104', 'KT20181016', 'Panther', 0, '14/07/2017', 'SEWA-LEASING', 'Tersedia', 0),
('KDM20181317', 'BG1270IH', 'KB20181106', 'KT20181066', 'Carry Futura', 0, '11/08/2017', 'SEWA-LEASING', 'Tersedia', 0),
('KDM20181318', 'BG1275IH', 'KB20181106', 'KT20181053', 'Carry Futura', 0, '12/08/2017', 'SEWA-LEASING', 'Tersedia', 0),
('KDM20181319', 'BG7172D', 'KB20181101', 'KT20181002', 'Elf', 0, '07/04/2017', 'SEPO-TRAC-TANJUNG ENIM', 'Tersedia', 0),
('KDM20181320', 'BG7174D', 'KB20181102', 'KT20181002', 'Dutro', 0, '08/04/2017', 'POOL-TRAC-PLG-SOETTA', 'Tersedia', 0),
('KDM20181321', 'BG8661UV', 'KB20181102', 'KT20181080', 'New Dyna', 0, '26/11/2016', 'SEWA-LEASING', 'Tersedia', 0),
('KDM20181322', 'BG8663UV', 'KB20181102', 'KT20181082', 'New Dyna', 0, '27/11/2016', 'SEWA-LEASING', 'Tersedia', 0),
('KDM20181323', 'BG8659UV', 'KB20181102', 'KT20181071', 'New Dyna', 0, '28/11/2016', 'BALAI-IBID-PALEMBANG', 'Tersedia', 0),
('KDM20181324', 'BG8662UV', 'KB20181102', 'KT20181071', 'New Dyna', 0, '29/11/2016', 'SEWA-LEASING', 'Tersedia', 0),
('KDM20181325', 'BG8660UV', 'KB20181102', 'KT20181053', 'New Dyna', 0, '30/11/2016', 'SEWA-LEASING', 'Tersedia', 0),
('KDM20181326', 'BN1635BS', 'KB20181102', 'KT20181080', 'Kijang Innova', 0, '01/12/2016', 'SEWA-LEASING', 'Tersedia', 0),
('KDM20181327', 'BG8722UV', 'KB20181102', 'KT20181080', 'New Dyna', 0, '02/12/2016', 'SEWA-LEASING', 'Tersedia', 0),
('KDM20181328', 'BG9749NV', 'KB20181102', 'KT20181080', 'Hilux', 0, '03/12/2016', 'SEWA-LEASING', 'Tersedia', 0),
('KDM20181329', 'BG9751NV', 'KB20181102', 'KT20181080', 'Hilux', 0, '04/12/2016', 'POOL-TRAC-PLG-SOETTA', 'Tersedia', 0),
('KDM20181330', 'BG9748NV', 'KB20181102', 'KT20181082', 'Hilux', 0, '05/12/2016', 'SEWA-LEASING', 'Tersedia', 0),
('KDM20181331', 'BG9710NV', 'KB20181102', 'KT20181083', 'Hilux', 0, '06/12/2016', 'SEWA-LEASING', 'Tersedia', 0),
('KDM20181332', 'BG9752NV', 'KB20181102', 'KT20181083', 'Hilux', 0, '07/12/2016', 'SEWA-LEASING', 'Tersedia', 0),
('KDM20181333', 'BG9729NV', 'KB20181102', 'KT20181083', 'Hilux', 0, '08/12/2016', 'SEWA-LEASING', 'Tersedia', 0),
('KDM20181334', 'BG9728NV', 'KB20181102', 'KT20181082', 'Hilux', 0, '09/12/2016', 'SEWA-LEASING', 'Tersedia', 0),
('KDM20181335', 'BG9750NV', 'KB20181102', 'KT20181082', 'Hilux', 0, '10/12/2016', 'SEWA-LEASING', 'Tersedia', 0),
('KDM20181336', 'BG9709NV', 'KB20181102', 'KT20181082', 'Hilux', 0, '11/12/2016', 'SEWA-LEASING', 'Tersedia', 0),
('KDM20181337', 'BN1634BS', 'KB20181102', 'KT20181081', 'Kijang Innova', 0, '12/12/2016', 'SEWA-LEASING', 'Tersedia', 0),
('KDM20181338', 'BG7179D', 'KB20181103', 'KT20181019', 'Dutro', 0, '09/04/2017', 'POOL-TRAC-PLG-SOETTA', 'Tersedia', 0),
('KDM20181339', 'BG7178D', 'KB20181104', 'KT20181019', 'Dutro', 0, '10/04/2017', 'POOL-TRAC-PLG-SOETTA', 'Tersedia', 0),
('KDM20181340', 'BG9773NV', 'KB20181102', 'KT20181081', 'Hilux', 0, '13/12/2016', 'SEWA-LEASING', 'Tersedia', 0),
('KDM20181341', 'BG9772NV', 'KB20181102', 'KT20181080', 'Hilux', 0, '14/12/2016', 'SEWA-LEASING', 'Tersedia', 0),
('KDM20181342', 'BG9778NV', 'KB20181102', 'KT20181080', 'Hilux', 0, '15/12/2016', 'SEWA-LEASING', 'Tersedia', 0),
('KDM20181343', 'BG9734NV', 'KB20181103', 'KT20181002', 'Gran Max', 0, '05/12/2016', 'SEWA-LEASING', 'Tersedia', 0),
('KDM20181344', 'B1191UJJ', 'KB20181101', 'KT20181046', 'Outlander', 0, '02/12/2016', 'SEWA-LEASING', 'Tersedia', 0),
('KDM20181345', 'BG1597IK', 'KB20181102', 'KT20181080', 'Kijang Innova', 0, '16/12/2016', 'SEWA-LEASING', 'Tersedia', 0),
('KDM20181346', 'BN1451BS', 'KB20181102', 'KT20181084', 'Kijang Innova', 0, '17/12/2016', 'GANTI-SEMENTARA', 'Tersedia', 0),
('KDM20181347', 'B1928URH', 'KB20181102', 'KT20181084', 'Kijang Innova', 0, '18/12/2016', 'SEWA-LEASING', 'Tersedia', 0),
('KDM20181348', 'BN1452BS', 'KB20181102', 'KT20181051', 'Kijang Innova', 0, '19/12/2016', 'GANTI-SEMENTARA', 'Tersedia', 0),
('KDM20181349', 'BG998BS', 'KB20181102', 'KT20181051', 'Kijang Innova', 0, '20/12/2016', 'SEWA-LEASING', 'Tersedia', 0),
('KDM20181350', 'BG756BS', 'KB20181102', 'KT20181080', 'Kijang Innova', 0, '21/12/2016', 'SEWA-LEASING', 'Tersedia', 0),
('KDM20181351', 'BG1788IK', 'KB20181102', 'KT20181066', 'Avanza', 0, '03/01/2017', 'POOL-TRAC-PLG-SOETTA', 'Tersedia', 0),
('KDM20181352', 'B1146URI', 'KB20181102', 'KT20181085', 'Kijang Innova', 0, '04/01/2017', 'GANTI-SEMENTARA', 'Tersedia', 0),
('KDM20181353', 'BG1783IK', 'KB20181103', 'KT20181003', 'Xenia', 0, '06/12/2016', 'SEWA-LEASING', 'Tersedia', 0),
('KDM20181354', 'BG1782IK', 'KB20181103', 'KT20181003', 'Xenia', 0, '07/12/2016', 'SEWA-LEASING', 'Tersedia', 0),
('KDM20181355', 'BG1781IK', 'KB20181103', 'KT20181003', 'Xenia', 0, '08/12/2016', 'SEWA-LEASING', 'Tersedia', 0),
('KDM20181356', 'BG1629IK', 'KB20181103', 'KT20181003', 'Xenia', 0, '09/12/2016', 'SEWA-LEASING', 'Tersedia', 0),
('KDM20181357', 'BG1190AA', 'KB20181103', 'KT20181003', 'Xenia', 0, '10/12/2016', 'SEWA-LEASING', 'Tersedia', 0),
('KDM20181358', 'BN1453BS', 'KB20181102', 'KT20181085', 'Kijang Innova', 0, '05/01/2017', 'GANTI-SEMENTARA', 'Tersedia', 0),
('KDM20181359', 'BG1148AA', 'KB20181102', 'KT20181085', 'Kijang Innova', 0, '06/01/2017', 'SEWA-LEASING', 'Tersedia', 0),
('KDM20181360', 'BG9014NW', 'KB20181102', 'KT20181085', 'Hilux', 0, '09/01/2017', 'SEWA-LEASING', 'Tersedia', 0),
('KDM20181361', 'BG9015NW', 'KB20181102', 'KT20181077', 'Hilux', 0, '10/01/2017', 'SEWA-LEASING', 'Tersedia', 0),
('KDM20181362', 'BG9829NV', 'KB20181104', 'KT20181022', 'Panther', 0, '19/07/2017', 'GANTI-SEMENTARA', 'Tersedia', 0),
('KDM20181363', 'AD9363CK', 'KB20181102', 'KT20181077', 'Kijang Innova', 0, '11/01/2017', 'SEWA-LEASING', 'Tersedia', 0),
('KDM20181364', 'BG1049AB', 'KB20181102', 'KT20181077', 'Avanza', 0, '12/01/2017', 'GANTI-SEMENTARA', 'Tersedia', 0),
('KDM20181365', 'BH1371HK', 'KB20181103', 'KT20181004', 'Gran Max', 0, '11/12/2016', 'SEWA-LEASING', 'Tersedia', 0),
('KDM20181366', 'BG1410AB', 'KB20181103', 'KT20181005', 'Luxio', 0, '12/12/2016', 'SEWA-LEASING', 'Tersedia', 0),
('KDM20181367', 'BG9049NW', 'KB20181102', 'KT20181077', 'Hilux', 0, '13/01/2017', 'SEWA-LEASING', 'Tersedia', 0),
('KDM20181368', 'BG1826AB', 'KB20181102', 'KT20181077', 'Avanza', 0, '16/01/2017', 'GANTI-SEMENTARA', 'Tersedia', 0),
('KDM20181369', 'BD9794AP', 'KB20181101', 'KT20181041', 'Strada Triton', 0, '03/12/2016', 'POOL-TRAC-PLG-SOETTA', 'Tersedia', 0),
('KDM20181370', 'BG1829AB', 'KB20181102', 'KT20181077', 'Avanza', 0, '17/01/2017', 'SEWA-LEASING', 'Tersedia', 0),
('KDM20181371', 'BD9795AP', 'KB20181101', 'KT20181034', 'Strada Triton', 0, '04/12/2016', 'POOL-TRAC-PLG-SOETTA', 'Tersedia', 0),
('KDM20181372', 'BG1824AB', 'KB20181102', 'KT20181077', 'Avanza', 0, '18/01/2017', 'GANTI-SEMENTARA', 'Tersedia', 0),
('KDM20181373', 'BD9796AP', 'KB20181101', 'KT20181034', 'Strada Triton', 0, '05/12/2016', 'POOL-TRAC-PLG-SOETTA', 'Tersedia', 0),
('KDM20181374', 'BG1825AB', 'KB20181102', 'KT20181077', 'Avanza', 0, '19/01/2017', 'SEWA-LEASING', 'Tersedia', 0),
('KDM20181375', 'BG1828AB', 'KB20181102', 'KT20181077', 'Kijang Innova', 0, '20/01/2017', 'GANTI-SEMENTARA', 'Tersedia', 0),
('KDM20181376', 'BG1955BS', 'KB20181102', 'KT20181077', 'Avanza', 0, '21/01/2017', 'SEWA-LEASING', 'Tersedia', 0),
('KDM20181377', 'B1681URI', 'KB20181102', 'KT20181077', 'Kijang Innova', 0, '22/01/2017', 'SEWA-LEASING', 'Tersedia', 0),
('KDM20181378', 'B1685URI', 'KB20181102', 'KT20181077', 'Kijang Innova', 0, '23/01/2017', 'SEWA-LEASING', 'Tersedia', 0),
('KDM20181379', 'BG7180D', 'KB20181105', 'KT20181007', 'Dutro', 0, '03/06/2017', 'SEWA-LEASING', 'Tersedia', 0),
('KDM20181380', 'BG1329AC', 'KB20181102', 'KT20181077', 'Kijang Innova', 0, '24/01/2017', 'GANTI-SEMENTARA', 'Tersedia', 0),
('KDM20181381', 'BG9040DK', 'KB20181101', 'KT20181047', 'Strada Triton', 0, '06/12/2016', 'SEWA-LEASING', 'Tersedia', 0),
('KDM20181382', 'B1729URK', 'KB20181102', 'KT20181077', 'Kijang Innova', 0, '25/01/2017', 'SEWA-LEASING', 'Tersedia', 0),
('KDM20181383', 'BG990BS', 'KB20181102', 'KT20181077', 'Kijang Innova', 0, '26/01/2017', 'SEWA-LEASING', 'Tersedia', 0),
('KDM20181384', 'BG9217NW', 'KB20181101', 'KT20181030', 'Strada Triton', 0, '07/12/2016', 'SEWA-LEASING', 'Tersedia', 0),
('KDM20181385', 'BG9043DK', 'KB20181101', 'KT20181030', 'Strada Triton', 0, '08/12/2016', 'SEWA-LEASING', 'Tersedia', 0),
('KDM20181386', 'BG9039DK', 'KB20181101', 'KT20181030', 'Strada Triton', 0, '09/12/2016', 'SEPO-TRAC-TANJUNG ENIM', 'Tersedia', 0),
('KDM20181387', 'BG9044DK', 'KB20181101', 'KT20181030', 'Strada Triton', 0, '10/12/2016', 'BENGKEL BODY REPAIR', 'Tersedia', 0),
('KDM20181388', 'BG9104NW', 'KB20181101', 'KT20181030', 'Colt L300', 0, '11/12/2016', 'SEWA-LEASING', 'Tersedia', 0),
('KDM20181389', 'BG1872AC', 'KB20181102', 'KT20181077', 'Kijang Innova', 0, '27/01/2017', 'SEWA-LEASING', 'Tersedia', 0),
('KDM20181390', 'BG1368AF', 'KB20181102', 'KT20181077', 'Avanza', 0, '28/01/2017', 'SEWA-LEASING', 'Tersedia', 0),
('KDM20181391', 'BG1567AC', 'KB20181102', 'KT20181085', 'Kijang Innova', 0, '29/01/2017', 'SEWA-LEASING', 'Tersedia', 0),
('KDM20181392', 'BN1658PA', 'KB20181102', 'KT20181077', 'Avanza', 0, '30/01/2017', 'SEWA-LEASING', 'Tersedia', 0),
('KDM20181393', 'BN1669PA', 'KB20181102', 'KT20181077', 'Kijang Innova', 0, '31/01/2017', 'SEWA-LEASING', 'Tersedia', 0),
('KDM20181394', 'BG9377NW', 'KB20181101', 'KT20181030', 'Strada Triton', 0, '12/12/2016', 'SEWA-LEASING', 'Tersedia', 0),
('KDM20181395', 'BE2045YY', 'KB20181103', 'KT20181006', 'Xenia', 0, '13/12/2016', 'SEWA-LEASING', 'Tersedia', 0),
('KDM20181396', 'BG9376NW', 'KB20181101', 'KT20181030', 'Strada Triton', 0, '13/12/2016', 'POOL-TRAC-PLG-SOETTA', 'Tersedia', 0),
('KDM20181397', 'L1684JZ', 'KB20181101', 'KT20181030', 'Outlander', 0, '14/12/2016', 'SEWA-LEASING', 'Tersedia', 0),
('KDM20181398', 'BG1512AE', 'KB20181102', 'KT20181077', 'Kijang Innova', 0, '01/02/2017', 'GANTI-SEMENTARA', 'Tersedia', 0),
('KDM20181399', 'BG1703AC', 'KB20181103', 'KT20181007', 'Xenia', 0, '14/12/2016', 'SEWA-LEASING', 'Tersedia', 0),
('KDM20181400', 'BG1705AC', 'KB20181103', 'KT20181002', 'Xenia', 0, '15/12/2016', 'SEWA-LEASING', 'Tersedia', 0),
('KDM20181401', 'BG1514AE', 'KB20181102', 'KT20181077', 'Kijang Innova', 0, '02/02/2017', 'SEWA-LEASING', 'Tersedia', 0),
('KDM20181402', 'BG1519AE', 'KB20181102', 'KT20181077', 'Kijang Innova', 0, '03/02/2017', 'SEWA-LEASING', 'Tersedia', 0),
('KDM20181403', 'BG88UT', 'KB20181102', 'KT20181077', 'Fortuner', 0, '04/02/2017', 'SEWA-LEASING', 'Tersedia', 0),
('KDM20181404', 'BG9328NW', 'KB20181103', 'KT20181008', 'Gran Max', 0, '16/12/2016', 'SEWA-LEASING', 'Tersedia', 0),
('KDM20181405', 'BH9606AS', 'KB20181103', 'KT20181009', 'Gran Max', 0, '17/12/2016', 'SEWA-LEASING', 'Tersedia', 0),
('KDM20181406', 'BN1455BS', 'KB20181102', 'KT20181077', 'Avanza', 0, '05/02/2017', 'SEWA-LEASING', 'Tersedia', 0),
('KDM20181407', 'BG1479DG', 'KB20181102', 'KT20181077', 'Kijang Innova', 0, '06/02/2017', 'SEWA-LEASING', 'Tersedia', 0),
('KDM20181408', 'BG1329DG', 'KB20181102', 'KT20181077', 'Kijang Innova', 0, '07/02/2017', 'SEWA-LEASING', 'Tersedia', 0),
('KDM20181409', 'BH9628AS', 'KB20181103', 'KT20181009', 'Gran Max', 0, '18/12/2016', 'SEWA-LEASING', 'Tersedia', 0),
('KDM20181410', 'B1700URO', 'KB20181102', 'KT20181077', 'Kijang Innova', 0, '08/02/2017', 'SEWA-LEASING', 'Tersedia', 0),
('KDM20181411', 'BE2467YY', 'KB20181102', 'KT20181077', 'Kijang Innova', 0, '09/02/2017', 'SEWA-LEASING', 'Tersedia', 0),
('KDM20181412', 'BE2465YY', 'KB20181102', 'KT20181077', 'Kijang Innova', 0, '10/02/2017', 'SEWA-LEASING', 'Tersedia', 0),
('KDM20181413', 'BE2477YY', 'KB20181102', 'KT20181077', 'Kijang Innova', 0, '11/02/2017', 'SEWA-LEASING', 'Tersedia', 0),
('KDM20181414', 'BE2474YY', 'KB20181102', 'KT20181077', 'Kijang Innova', 0, '12/02/2017', 'SEWA-LEASING', 'Tersedia', 0),
('KDM20181415', 'BE2480YY', 'KB20181102', 'KT20181077', 'Kijang Innova', 0, '13/02/2017', 'SEWA-LEASING', 'Tersedia', 0),
('KDM20181416', 'BE2462YY', 'KB20181111', 'KT20181007', 'Kijang Innova', 0, '17/03/2017', 'SEWA-LEASING', 'Tersedia', 0),
('KDM20181417', 'BE2470YY', 'KB20181102', 'KT20181077', 'Kijang Innova', 0, '14/02/2017', 'SEWA-LEASING', 'Tersedia', 0),
('KDM20181418', 'BH9655AS', 'KB20181102', 'KT20181077', 'Gran Max', 0, '15/02/2017', 'POOL-TRAC-PLG-SOETTA', 'Tersedia', 0),
('KDM20181419', 'BH9639AS', 'KB20181102', 'KT20181077', 'Gran Max', 0, '16/02/2017', 'SEWA-LEASING', 'Tersedia', 0),
('KDM20181420', 'BH9651AS', 'KB20181102', 'KT20181086', 'Gran Max', 0, '17/02/2017', 'SEWA-LEASING', 'Tersedia', 0),
('KDM20181421', 'BG1543DG', 'KB20181112', 'KT20181007', 'Kijang Innova', 0, '03/04/2017', 'SEWA-LEASING', 'Tersedia', 0),
('KDM20181422', 'BG1474DG', 'KB20181101', 'KT20181030', 'Kijang Innova', 0, '15/12/2016', 'SEWA-LEASING', 'Tersedia', 0),
('KDM20181423', 'BG1578AG', 'KB20181113', 'KT20181002', 'Kijang Innova', 0, '04/04/2017', 'SEWA-LEASING', 'Tersedia', 0),
('KDM20181424', 'BG1472DG', 'KB20181102', 'KT20181066', 'Kijang Innova', 0, '18/02/2017', 'SEWA-LEASING', 'Tersedia', 0),
('KDM20181425', 'BG1541DG', 'KB20181102', 'KT20181087', 'Kijang Innova', 0, '19/02/2017', 'SEWA-LEASING', 'Tersedia', 0),
('KDM20181426', 'BG1328DG', 'KB20181102', 'KT20181077', 'Kijang Innova', 0, '20/02/2017', 'SEWA-LEASING', 'Tersedia', 0),
('KDM20181427', 'BA8732BQ', 'KB20181102', 'KT20181077', 'Strada Triton', 0, '21/02/2017', 'GANTI-SEMENTARA', 'Tersedia', 0),
('KDM20181428', 'BG1545DG', 'KB20181102', 'KT20181088', 'Kijang Innova', 0, '22/02/2017', 'SEWA-LEASING', 'Tersedia', 0),
('KDM20181429', 'BG1244AJ', 'KB20181102', 'KT20181077', 'Kijang Innova', 0, '23/02/2017', 'SEWA-LEASING', 'Tersedia', 0),
('KDM20181430', 'BG9688NW', 'KB20181102', 'KT20181077', 'Strada Triton', 0, '24/02/2017', 'SEWA-LEASING', 'Tersedia', 0),
('KDM20181431', 'BG1544DG', 'KB20181101', 'KT20181030', 'Kijang Innova', 0, '16/12/2016', 'SEWA-LEASING', 'Tersedia', 0),
('KDM20181432', 'BG1540DG', 'KB20181103', 'KT20181010', 'Kijang Innova', 0, '19/12/2016', 'SEWA-LEASING', 'Tersedia', 0),
('KDM20181433', 'BG9687NW', 'KB20181101', 'KT20181030', 'Strada Triton', 0, '17/12/2016', 'SEWA-LEASING', 'Tersedia', 0),
('KDM20181434', 'B1823URP', 'KB20181103', 'KT20181011', 'Kijang Innova', 0, '20/12/2016', 'SEWA-LEASING', 'Tersedia', 0),
('KDM20181435', 'BG1766AG', 'KB20181106', 'KT20181060', 'Kijang Innova', 0, '13/08/2017', 'SEWA-LEASING', 'Tersedia', 0),
('KDM20181436', 'BG1542DG', 'KB20181102', 'KT20181077', 'Kijang Innova', 0, '25/02/2017', 'SEWA-LEASING', 'Tersedia', 0),
('KDM20181437', 'BH1554HM', 'KB20181102', 'KT20181077', 'Avanza', 0, '26/02/2017', 'SEWA-LEASING', 'Tersedia', 0),
('KDM20181438', 'BG1243AJ', 'KB20181102', 'KT20181077', 'Kijang Innova', 0, '27/02/2017', 'SEWA-LEASING', 'Tersedia', 0),
('KDM20181439', 'BG9830DJ', 'KB20181102', 'KT20181077', 'Strada Triton', 0, '28/02/2017', 'POOL-TRAC-PLG-SOETTA', 'Tersedia', 0),
('KDM20181440', 'BG9831DJ', 'KB20181102', 'KT20181077', 'Strada Triton', 0, '01/03/2017', 'POOL-TRAC-PLG-SOETTA', 'Tersedia', 0),
('KDM20181441', 'B1611URP', 'KB20181102', 'KT20181077', 'Kijang Innova', 0, '02/03/2017', 'SEWA-LEASING', 'Tersedia', 0),
('KDM20181442', 'BH9717AS', 'KB20181103', 'KT20181011', 'Gran Max', 0, '21/12/2016', 'GANTI-SEMENTARA', 'Tersedia', 0),
('KDM20181443', 'BG9664NW', 'KB20181102', 'KT20181077', 'Gran Max', 0, '03/03/2017', 'SEWA-LEASING', 'Tersedia', 0),
('KDM20181444', 'BG9653NW', 'KB20181102', 'KT20181077', 'Gran Max', 0, '04/03/2017', 'SEWA-LEASING', 'Tersedia', 0),
('KDM20181445', 'BG9654NW', 'KB20181106', 'KT20181068', 'Gran Max', 0, '14/08/2017', 'SEWA-LEASING', 'Tersedia', 0),
('KDM20181446', 'BG9665NW', 'KB20181102', 'KT20181077', 'Gran Max', 0, '05/03/2017', 'SEWA-LEASING', 'Tersedia', 0),
('KDM20181447', 'BG9511NW', 'KB20181104', 'KT20181002', 'Gran Max', 0, '23/07/2017', 'SEWA-LEASING', 'Tersedia', 0),
('KDM20181448', 'BG7060AO', 'KB20181104', 'KT20181011', 'HiAce', 0, '24/07/2017', 'SEWA-LEASING', 'Tersedia', 0),
('KDM20181449', 'BG1485AJ', 'KB20181102', 'KT20181085', 'H-1', 0, '06/03/2017', 'SEWA-LEASING', 'Tersedia', 0),
('KDM20181450', 'BG7001AO', 'KB20181104', 'KT20181021', 'HiAce', 0, '24/07/2017', 'SEWA-LEASING', 'Tersedia', 0),
('KDM20181451', 'BG7003AO', 'KB20181104', 'KT20181021', 'HiAce', 0, '28/07/2017', 'SEWA-LEASING', 'Tersedia', 0),
('KDM20181452', 'BG7002AO', 'KB20181104', 'KT20181021', 'HiAce', 0, '29/07/2017', 'SEWA-LEASING', 'Tersedia', 0),
('KDM20181453', 'BM1053NP', 'KB20181104', 'KT20181021', 'Kijang Innova', 0, '31/07/2017', 'SEWA-LEASING', 'Tersedia', 0),
('KDM20181454', 'BG9694NW', 'KB20181104', 'KT20181023', 'Gran Max', 0, '01/08/2017', 'SEWA-LEASING', 'Tersedia', 0),
('KDM20181455', 'BG9552NW', 'KB20181106', 'KT20181068', 'Panther', 0, '15/08/2017', 'SEWA-LEASING', 'Tersedia', 0),
('KDM20181456', 'BG9859NW', 'KB20181102', 'KT20181085', 'Strada Triton', 0, '07/03/2017', 'SEWA-LEASING', 'Tersedia', 0),
('KDM20181457', 'B9103UCN', 'KB20181101', 'KT20181030', 'Gran Max', 0, '18/12/2016', 'SEWA-LEASING', 'Tersedia', 0),
('KDM20181458', 'BH9731AS', 'KB20181101', 'KT20181025', 'Gran Max', 0, '19/12/2016', 'PROSES-MUTASI', 'Tersedia', 0),
('KDM20181459', 'BA8818BQ', 'KB20181101', 'KT20181025', 'Gran Max', 0, '20/12/2016', 'SEWA-LEASING', 'Tersedia', 0),
('KDM20181460', 'BG1509AK', 'KB20181106', 'KT20181052', 'H-1', 0, '16/08/2017', 'SEWA-LEASING', 'Tersedia', 0),
('KDM20181461', 'BG9886NW', 'KB20181106', 'KT20181053', 'Strada Triton', 0, '17/08/2017', 'SEWA-LEASING', 'Tersedia', 0),
('KDM20181462', 'BG9887NW', 'KB20181106', 'KT20181034', 'Strada Triton', 0, '18/08/2017', 'SEWA-LEASING', 'Tersedia', 0),
('KDM20181463', 'B1852URS', 'KB20181102', 'KT20181085', 'Kijang Innova', 0, '08/03/2017', 'SEWA-LEASING', 'Tersedia', 0),
('KDM20181464', 'BG9604NW', 'KB20181102', 'KT20181064', 'Gran Max', 0, '09/03/2017', 'SEWA-LEASING', 'Tersedia', 0),
('KDM20181465', 'BG9603NW', 'KB20181102', 'KT20181066', 'Gran Max', 0, '10/03/2017', 'SEWA-LEASING', 'Tersedia', 0),
('KDM20181466', 'BG9602NW', 'KB20181101', 'KT20181025', 'Gran Max', 0, '21/12/2016', 'SEWA-LEASING', 'Tersedia', 0),
('KDM20181467', 'BG9601NW', 'KB20181102', 'KT20181066', 'Gran Max', 0, '11/03/2017', 'SEWA-LEASING', 'Tersedia', 0),
('KDM20181468', 'BG1148AL', 'KB20181103', 'KT20181012', 'H-1', 0, '22/12/2016', 'SEWA-LEASING', 'Tersedia', 0),
('KDM20181469', 'BE2733YX', 'KB20181103', 'KT20181012', 'Colt Diesel', 0, '02/01/2017', 'SEWA-LEASING', 'Tersedia', 0),
('KDM20181470', 'BE2737YX', 'KB20181102', 'KT20181066', 'Colt Diesel', 0, '12/03/2017', 'SEWA-LEASING', 'Tersedia', 0),
('KDM20181471', 'BE2725YX', 'KB20181102', 'KT20181066', 'Colt Diesel', 0, '13/03/2017', 'SEWA-LEASING', 'Tersedia', 0),
('KDM20181472', 'BG1704DG', 'KB20181102', 'KT20181066', 'H-1', 0, '14/03/2017', 'SEWA-LEASING', 'Tersedia', 0),
('KDM20181473', 'BG1703DG', 'KB20181106', 'KT20181059', 'H-1', 0, '19/08/2017', 'SEWA-LEASING', 'Tersedia', 0),
('KDM20181474', 'BG1702DG', 'KB20181106', 'KT20181059', 'H-1', 0, '20/08/2017', 'SEWA-LEASING', 'Tersedia', 0),
('KDM20181475', 'BG7013AO', 'KB20181106', 'KT20181034', 'HiAce', 0, '21/08/2017', 'SEWA-LEASING', 'Tersedia', 0),
('KDM20181476', 'BE2745YX', 'KB20181106', 'KT20181034', 'HiAce', 0, '22/08/2017', 'SEWA-LEASING', 'Tersedia', 0),
('KDM20181477', 'BG9628NW', 'KB20181106', 'KT20181034', 'Gran Max', 0, '23/08/2017', 'SEWA-LEASING', 'Tersedia', 0),
('KDM20181478', 'BG9627NW', 'KB20181102', 'KT20181066', 'Gran Max', 0, '15/03/2017', 'SEWA-LEASING', 'Tersedia', 0),
('KDM20181479', 'BG9630NW', 'KB20181102', 'KT20181066', 'Gran Max', 0, '16/03/2017', 'SEWA-LEASING', 'Tersedia', 0),
('KDM20181480', 'BG9883DJ', 'KB20181102', 'KT20181066', 'Ranger', 0, '17/03/2017', 'SEWA-LEASING', 'Tersedia', 0),
('KDM20181481', 'BG9884DJ', 'KB20181102', 'KT20181089', 'Ranger', 0, '18/03/2017', 'SEWA-LEASING', 'Tersedia', 0),
('KDM20181482', 'BG9959NW', 'KB20181102', 'KT20181090', 'Panther', 0, '19/03/2017', 'SEWA-LEASING', 'Tersedia', 0),
('KDM20181483', 'BG9958NW', 'KB20181102', 'KT20181066', 'Panther', 0, '20/03/2017', 'SEWA-LEASING', 'Tersedia', 0),
('KDM20181484', 'BG9605NW', 'KB20181102', 'KT20181091', 'Gran Max', 0, '21/03/2017', 'SEWA-LEASING', 'Tersedia', 0),
('KDM20181485', 'BG1374AO', 'KB20181102', 'KT20181060', 'Avanza', 0, '22/03/2017', 'SEWA-LEASING', 'Tersedia', 0),
('KDM20181486', 'BG1659AO', 'KB20181102', 'KT20181064', 'Pajero Sport', 0, '23/03/2017', 'SEWA-LEASING', 'Tersedia', 0),
('KDM20181487', 'BG1055AP', 'KB20181103', 'KT20181012', 'Pajero Sport', 0, '03/01/2017', 'SEWA-LEASING', 'Tersedia', 0),
('KDM20181488', 'BG1671AO', 'KB20181106', 'KT20181034', 'Pajero Sport', 0, '24/08/2017', 'POOL-TRAC-PLG-SOETTA', 'Tersedia', 0),
('KDM20181489', 'BG1673AO', 'KB20181106', 'KT20181069', 'Pajero Sport', 0, '25/08/2017', 'SEWA-LEASING', 'Tersedia', 0),
('KDM20181490', 'BG9065NT', 'KB20181106', 'KT20181053', 'Strada Triton', 0, '26/08/2017', 'SEWA-LEASING', 'Tersedia', 0),
('KDM20181491', 'BG9989NW', 'KB20181106', 'KT20181066', 'Strada Triton', 0, '27/08/2017', 'POOL-TRAC-PLG-SOETTA', 'Tersedia', 0),
('KDM20181492', 'BG9020NT', 'KB20181106', 'KT20181070', 'Strada Triton', 0, '28/08/2017', 'SEWA-LEASING', 'Tersedia', 0),
('KDM20181493', 'BG9063NT', 'KB20181106', 'KT20181066', 'Strada Triton', 0, '29/08/2017', 'SEPO-TRAC-TANJUNG ENIM', 'Tersedia', 0),
('KDM20181494', 'BG9014NT', 'KB20181101', 'KT20181025', 'Strada Triton', 0, '22/12/2016', 'SEWA-LEASING', 'Tersedia', 0),
('KDM20181495', 'BG9030NT', 'KB20181101', 'KT20181048', 'Strada Triton', 0, '02/01/2017', 'BENGKEL REPAIR', 'Tersedia', 0),
('KDM20181496', 'BG9026NT', 'KB20181101', 'KT20181048', 'Strada Triton', 0, '03/01/2017', 'SEWA-LEASING', 'Tersedia', 0),
('KDM20181497', 'BG9064NT', 'KB20181101', 'KT20181049', 'Strada Triton', 0, '04/01/2017', 'SEWA-LEASING', 'Tersedia', 0),
('KDM20181498', 'BG9037NT', 'KB20181103', 'KT20181002', 'Strada Triton', 0, '04/01/2017', 'SEWA-LEASING', 'Tersedia', 0),
('KDM20181499', 'BG9012NT', 'KB20181106', 'KT20181053', 'Strada Triton', 0, '30/08/2017', 'BENGKEL REPAIR', 'Tersedia', 0),
('KDM20181500', 'BG9017NT', 'KB20181104', 'KT20181024', 'Strada Triton', 0, '02/08/2017', 'BENGKEL BODY REPAIR', 'Tersedia', 0),
('KDM20181501', 'BG9010NT', 'KB20181101', 'KT20181024', 'Strada Triton', 0, '05/01/2017', 'SEWA-LEASING', 'Tersedia', 0),
('KDM20181502', 'BG9021NT', 'KB20181101', 'KT20181050', 'Strada Triton', 0, '06/01/2017', 'SEWA-LEASING', 'Tersedia', 0),
('KDM20181503', 'BG9019NT', 'KB20181101', 'KT20181051', 'Strada Triton', 0, '09/01/2017', 'SEWA-LEASING', 'Tersedia', 0),
('KDM20181504', 'BG9987NW', 'KB20181101', 'KT20181024', 'Strada Triton', 0, '10/01/2017', 'SEWA-LEASING', 'Tersedia', 0),
('KDM20181505', 'BG9016NT', 'KB20181103', 'KT20181010', 'Strada Triton', 0, '05/01/2017', 'SEWA-LEASING', 'Tersedia', 0),
('KDM20181506', 'BG9013NT', 'KB20181106', 'KT20181071', 'Strada Triton', 0, '31/08/2017', 'SEWA-LEASING', 'Tersedia', 0),
('KDM20181507', 'BG1813AO', 'KB20181101', 'KT20181024', 'Pajero Sport', 0, '11/01/2017', 'SEWA-LEASING', 'Tersedia', 0),
('KDM20181508', 'BG9036NT', 'KB20181104', 'KT20181025', 'Strada Triton', 0, '03/08/2017', 'BENGKEL REPAIR', 'Tersedia', 0),
('KDM20181509', 'BG9035NT', 'KB20181102', 'KT20181064', 'Strada Triton', 0, '24/03/2017', 'SEWA-LEASING', 'Tersedia', 0),
('KDM20181510', 'BG9015NT', 'KB20181102', 'KT20181089', 'Strada Triton', 0, '25/03/2017', 'SEWA-LEASING', 'Tersedia', 0),
('KDM20181511', 'BG9031NT', 'KB20181101', 'KT20181052', 'Strada Triton', 0, '12/01/2017', 'SEWA-LEASING', 'Tersedia', 0),
('KDM20181512', 'BG9034NT', 'KB20181101', 'KT20181052', 'Strada Triton', 0, '13/01/2017', 'SEWA-LEASING', 'Tersedia', 0),
('KDM20181513', 'BG9028NT', 'KB20181101', 'KT20181007', 'Strada Triton', 0, '16/01/2017', 'SEWA-LEASING', 'Tersedia', 0),
('KDM20181514', 'BG9029NT', 'KB20181101', 'KT20181007', 'Strada Triton', 0, '17/01/2017', 'SEWA-LEASING', 'Tersedia', 0),
('KDM20181515', 'BG9032NT', 'KB20181101', 'KT20181007', 'Strada Triton', 0, '18/01/2017', 'GANTI-SEMENTARA', 'Tersedia', 0),
('KDM20181516', 'BG9018NT', 'KB20181101', 'KT20181007', 'Strada Triton', 0, '19/01/2017', 'POOL-TRAC-PLG-SOETTA', 'Tersedia', 0),
('KDM20181517', 'BG9087NT', 'KB20181102', 'KT20181091', 'Strada Triton', 0, '26/03/2017', 'SEWA-LEASING', 'Tersedia', 0),
('KDM20181518', 'BG9089NT', 'KB20181101', 'KT20181007', 'Strada Triton', 0, '20/01/2017', 'SEWA-LEASING', 'Tersedia', 0),
('KDM20181519', 'BG9091NT', 'KB20181101', 'KT20181053', 'Strada Triton', 0, '23/01/2017', 'SEWA-LEASING', 'Tersedia', 0),
('KDM20181520', 'BG9146NT', 'KB20181101', 'KT20181007', 'Strada Triton', 0, '24/01/2017', 'SEWA-LEASING', 'Tersedia', 0),
('KDM20181521', 'BG9151NT', 'KB20181101', 'KT20181054', 'Strada Triton', 0, '25/01/2017', 'POOL-TRAC-PLG-SOETTA', 'Tersedia', 0);
INSERT INTO `tbl_mobil` (`id_mobil`, `no_polisi`, `id_brand`, `id_tipe`, `model_mobil`, `harga`, `tgl_masuk`, `lokasi_mbl`, `status`, `denda`) VALUES
('KDM20181522', 'BG9095NT', 'KB20181101', 'KT20181054', 'Strada Triton', 0, '17/03/2017', 'SEWA-LEASING', 'Tersedia', 0),
('KDM20181523', 'BG9086NT', 'KB20181101', 'KT20181054', 'Strada Triton', 0, '03/04/2017', 'SEWA-LEASING', 'Tersedia', 0),
('KDM20181524', 'BG9093NT', 'KB20181101', 'KT20181054', 'Strada Triton', 0, '04/04/2017', 'SEWA-LEASING', 'Tersedia', 0),
('KDM20181525', 'BG9088NT', 'KB20181114', 'KT20181002', 'Strada Triton', 0, '05/04/2017', 'SEWA-LEASING', 'Tersedia', 0),
('KDM20181526', 'BG9026NU', 'KB20181115', 'KT20181002', 'Elf', 0, '06/04/2017', 'SEWA-LEASING', 'Tersedia', 0),
('KDM20181527', 'B1235URT', 'KB20181101', 'KT20181054', 'Avanza', 0, '05/04/2017', 'SEWA-LEASING', 'Tersedia', 0),
('KDM20181528', 'DA8639PH', 'KB20181103', 'KT20181013', 'Fortuner', 0, '06/01/2017', 'SEWA-LEASING', 'Tersedia', 0),
('KDM20181529', 'BG9149NT', 'KB20181103', 'KT20181013', 'Strada Triton', 0, '09/01/2017', 'SEWA-LEASING', 'Tersedia', 0),
('KDM20181530', 'BG9150NT', 'KB20181102', 'KT20181091', 'Strada Triton', 0, '27/03/2017', 'SEWA-LEASING', 'Tersedia', 0),
('KDM20181531', 'BG9884NW', 'KB20181103', 'KT20181014', 'Colt L300', 0, '10/01/2017', 'SEWA-LEASING', 'Tersedia', 0),
('KDM20181532', 'BG9148NT', 'KB20181103', 'KT20181002', 'Strada Triton', 0, '11/01/2017', 'SEWA-LEASING', 'Tersedia', 0),
('KDM20181533', 'BG9141NT', 'KB20181101', 'KT20181054', 'Strada Triton', 0, '06/04/2017', 'SEWA-LEASING', 'Tersedia', 0),
('KDM20181534', 'BG9142NT', 'KB20181103', 'KT20181002', 'Strada Triton', 0, '12/01/2017', 'SEWA-LEASING', 'Tersedia', 0),
('KDM20181535', 'BG9147NT', 'KB20181103', 'KT20181002', 'Strada Triton', 0, '13/01/2017', 'SEWA-LEASING', 'Tersedia', 0),
('KDM20181536', 'BG9138NT', 'KB20181104', 'KT20181026', 'Strada Triton', 0, '04/08/2017', 'POOL-TRAC-PLG-SOETTA', 'Tersedia', 0),
('KDM20181537', 'BG9143NT', 'KB20181104', 'KT20181027', 'Strada Triton', 0, '05/08/2017', 'SEWA-LEASING', 'Tersedia', 0),
('KDM20181538', 'BG9145NT', 'KB20181104', 'KT20181028', 'Strada Triton', 0, '06/08/2017', 'SEWA-LEASING', 'Tersedia', 0),
('KDM20181539', 'BG9092NT', 'KB20181104', 'KT20181025', 'Strada Triton', 0, '07/08/2017', 'POOL-TRAC-PLG-SOETTA', 'Tersedia', 0),
('KDM20181540', 'BG9140NT', 'KB20181103', 'KT20181015', 'Strada Triton', 0, '16/01/2017', 'BENGKEL REPAIR', 'Tersedia', 0),
('KDM20181541', 'BG9094NT', 'KB20181101', 'KT20181054', 'Strada Triton', 0, '07/04/2017', 'POOL-TRAC-JAMBI', 'Tersedia', 0),
('KDM20181542', 'BG9152NT', 'KB20181101', 'KT20181054', 'Strada Triton', 0, '08/04/2017', 'POOL-TRAC-PLG-SOETTA', 'Tersedia', 0),
('KDM20181543', 'BG1658AO', 'KB20181101', 'KT20181054', 'Pajero Sport', 0, '09/04/2017', 'SEWA-LEASING', 'Tersedia', 0),
('KDM20181544', 'BG1667AO', 'KB20181101', 'KT20181053', 'Pajero Sport', 0, '10/04/2017', 'SEWA-LEASING', 'Tersedia', 0),
('KDM20181545', 'BG1672AO', 'KB20181106', 'KT20181061', 'Pajero Sport', 0, '01/09/2017', 'GANTI-SEMENTARA', 'Tersedia', 0),
('KDM20181546', 'BN1231PB', 'KB20181106', 'KT20181071', 'Gran Max', 0, '02/09/2017', 'SEWA-LEASING', 'Tersedia', 0),
('KDM20181547', 'BG1691BS', 'KB20181101', 'KT20181052', 'Avanza', 0, '11/04/2017', 'SEWA-LEASING', 'Tersedia', 0),
('KDM20181548', 'BG1053AP', 'KB20181103', 'KT20181015', 'Avanza', 0, '17/01/2017', 'SEWA-LEASING', 'Tersedia', 0),
('KDM20181549', 'BG1089AP', 'KB20181102', 'KT20181092', 'Avanza', 0, '28/03/2017', 'SEWA-LEASING', 'Tersedia', 0),
('KDM20181550', 'BG1065AP', 'KB20181102', 'KT20181093', 'Avanza', 0, '29/03/2017', 'SEWA-LEASING', 'Tersedia', 0),
('KDM20181551', 'BG1086AP', 'KB20181102', 'KT20181094', 'Avanza', 0, '10/06/2017', 'SEWA-LEASING', 'Tersedia', 0),
('KDM20181552', 'BG1087AP', 'KB20181101', 'KT20181052', 'Avanza', 0, '12/04/2017', 'SEWA-LEASING', 'Tersedia', 0),
('KDM20181553', 'BG1051AP', 'KB20181104', 'KT20181029', 'Avanza', 0, '08/08/2017', 'SEWA-LEASING', 'Tersedia', 0),
('KDM20181554', 'BG1052AP', 'KB20181103', 'KT20181015', 'Avanza', 0, '18/01/2017', 'SEWA-LEASING', 'Tersedia', 0),
('KDM20181555', 'BG1270AO', 'KB20181103', 'KT20181016', 'Kijang Innova', 0, '19/01/2017', 'GANTI-SEMENTARA', 'Tersedia', 0),
('KDM20181556', 'BG1815AO', 'KB20181101', 'KT20181054', 'Xenia', 0, '13/04/2017', 'SEWA-LEASING', 'Tersedia', 0),
('KDM20181557', 'BG1677AO', 'KB20181101', 'KT20181054', 'Avanza', 0, '14/04/2017', 'SEWA-LEASING', 'Tersedia', 0),
('KDM20181558', 'BG1231AP', 'KB20181101', 'KT20181054', 'Corolla Altis', 0, '15/04/2017', 'SEWA-LEASING', 'Tersedia', 0),
('KDM20181559', 'BG1121AP', 'KB20181102', 'KT20181054', 'Avanza', 0, '17/06/2017', 'SEWA-LEASING', 'Tersedia', 0),
('KDM20181560', 'BG1131AP', 'KB20181102', 'KT20181064', 'Gran Max', 0, '27/06/2017', 'SEWA-LEASING', 'Tersedia', 0),
('KDM20181561', 'BG1130AP', 'KB20181102', 'KT20181064', 'Gran Max', 0, '28/06/2017', 'SEWA-LEASING', 'Tersedia', 0),
('KDM20181562', 'BG1232AP', 'KB20181102', 'KT20181064', 'Kijang Innova', 0, '29/06/2017', 'SEWA-LEASING', 'Tersedia', 0),
('KDM20181563', 'BG1230AP', 'KB20181102', 'KT20181064', 'Corolla Altis', 0, '29/06/2017', 'SEWA-LEASING', 'Tersedia', 0),
('KDM20181564', 'BN1442PB', 'KB20181106', 'KT20181072', 'Corolla Altis', 0, '03/09/2017', 'GANTI-SEMENTARA', 'Tersedia', 0),
('KDM20181565', 'BG1470AP', 'KB20181106', 'KT20181062', 'Camry', 0, '04/09/2017', 'SEWA-LEASING', 'Tersedia', 0),
('KDM20181566', 'BG1558AP', 'KB20181106', 'KT20181061', 'Kijang Innova', 0, '05/09/2017', 'SEWA-LEASING', 'Tersedia', 0),
('KDM20181567', 'BG1358AP', 'KB20181106', 'KT20181061', 'New CR-V', 0, '06/09/2017', 'SEWA-LEASING', 'Tersedia', 0),
('KDM20181568', 'BM8317TQ', 'KB20181106', 'KT20181062', 'Hilux', 0, '07/09/2017', 'SEWA-LEASING', 'Tersedia', 0),
('KDM20181569', 'BG1046AP', 'KB20181102', 'KT20181095', 'Gran Max', 0, '04/07/2017', 'SEWA-LEASING', 'Tersedia', 0),
('KDM20181570', 'BG1047AP', 'KB20181102', 'KT20181096', 'Gran Max', 0, '07/07/2017', 'SEWA-LEASING', 'Tersedia', 0),
('KDM20181571', 'BG1043AP', 'KB20181102', 'KT20181066', 'Gran Max', 0, '07/07/2017', 'SEWA-LEASING', 'Tersedia', 0),
('KDM20181572', 'BG1048AP', 'KB20181102', 'KT20181089', 'Gran Max', 0, '07/07/2017', 'SEWA-LEASING', 'Tersedia', 0),
('KDM20181573', 'BG1833AP', 'KB20181102', 'KT20181089', 'Ayla', 0, '11/07/2017', 'SEWA-LEASING', 'Tersedia', 0),
('KDM20181574', 'BG1721AP', 'KB20181102', 'KT20181089', 'Xenia', 0, '11/07/2017', 'SEWA-LEASING', 'Tersedia', 0),
('KDM20181575', 'BE2958BX', 'KB20181102', 'KT20181097', 'Avanza', 0, '14/07/2017', 'SEWA-LEASING', 'Tersedia', 0),
('KDM20181576', 'BG1808AV', 'KB20181102', 'KT20181098', 'Kijang Innova', 0, '19/07/2017', 'SEWA-LEASING', 'Tersedia', 0),
('KDM20181577', 'BG1806AV', 'KB20181102', 'KT20181098', 'Kijang Innova', 0, '23/07/2017', 'SEWA-LEASING', 'Tersedia', 0),
('KDM20181578', 'BG1447AV', 'KB20181101', 'KT20181055', 'Kijang Innova', 0, '16/04/2017', 'SEWA-LEASING', 'Tersedia', 0),
('KDM20181579', 'BN8506PA', 'KB20181101', 'KT20181056', 'Gran Max', 0, '17/04/2017', 'SEWA-LEASING', 'Tersedia', 0),
('KDM20181580', 'BG9197NT', 'KB20181102', 'KT20181098', 'Gran Max', 0, '24/07/2017', 'SEWA-LEASING', 'Tersedia', 0),
('KDM20181581', 'BG9196NT', 'KB20181101', 'KT20181057', 'Gran Max', 0, '29/06/2017', 'SEWA-LEASING', 'Tersedia', 0),
('KDM20181582', 'BG9195NT', 'KB20181102', 'KT20181064', 'Gran Max', 0, '24/07/2017', 'SEWA-LEASING', 'Tersedia', 0),
('KDM20181583', 'BG1044AP', 'KB20181102', 'KT20181071', 'Gran Max', 750000, '28/07/2017', 'SEWA-LEASING', 'Tersedia', 850000),
('KDM20181584', 'BM8474TQ', 'KB20181102', 'KT20181071', 'Strada Triton', 700000, '29/07/2017', 'GANTI-SEMENTARA', 'Tersedia', 800000),
('KDM20181585', 'BM8472TQ', 'KB20181102', 'KT20181064', 'Strada Triton', 700000, '30/07/2017', 'SEWA-LEASING', 'Tersedia', 800000),
('KDM20181586', 'BG1045AP', 'KB20181102', 'KT20181099', 'Gran Max', 850000, '31/07/2017', 'SEWA-LEASING', 'Tersedia', 950000),
('KDM20181587', 'BG7193D', 'KB20181102', 'KT20181100', 'HiAce', 600000, '01/08/2017', 'SEWA-LEASING', 'Tersedia', 750000),
('KDM20181588', 'BG9450NT', 'KB20181102', 'KT20181101', 'Strada Triton', 650000, '02/08/2017', 'SEWA-LEASING', 'Tersedia', 750000),
('KDM20181589', 'BG9842NT', 'KB20181102', 'KT20181101', 'Hilux', 650000, '03/08/2017', 'POOL-TRAC-PLG-SOETTA', 'Tersedia', 750000),
('KDM20181590', 'BG9840NT', 'KB20181102', 'KT20181101', 'Hilux', 850000, '04/08/2017', 'BENGKEL REPAIR', 'Tersedia', 950000),
('KDM20181591', 'BG9847NT', 'KB20181102', 'KT20181101', 'Hilux', 600000, '05/08/2017', 'SEWA-LEASING', 'Tersedia', 730000),
('KDM20181592', 'BG9993NT', 'KB20181101', 'KT20181053', 'Hilux', 700000, '04/07/2017', 'SEWA-LEASING', 'Di Rental ya om', 850000);

-- --------------------------------------------------------

--
-- Struktur dari tabel `tbl_oli`
--

CREATE TABLE IF NOT EXISTS `tbl_oli` (
  `id_oli` varchar(112) NOT NULL,
  `id_brand` varchar(221) NOT NULL,
  `id_tipe` varchar(112) NOT NULL,
  `harga` varchar(112) NOT NULL,
  `jmlh_oli` int(11) NOT NULL,
  `tgl_doli` varchar(122) NOT NULL,
  `status` varchar(112) NOT NULL,
  `nama_oli` varchar(112) NOT NULL
) ENGINE=InnoDB DEFAULT CHARSET=latin1;

--
-- Dumping data untuk tabel `tbl_oli`
--

INSERT INTO `tbl_oli` (`id_oli`, `id_brand`, `id_tipe`, `harga`, `jmlh_oli`, `tgl_doli`, `status`, `nama_oli`) VALUES
('KO20181101', 'KB20181167', 'KT201811112', '420000', 16, '2018-12-18', 'Tersedia', 'Shell Helix '),
('KO20181102', 'KB20181167', 'KT201811113', '250000', 31, '11/01/2018', 'Tersedia', 'Shell Helix '),
('KO20181103', 'KB20181166', 'KT201811116', '450000', 32, '11/11/2018', 'Tersedia', 'Castrol Magnatec');

-- --------------------------------------------------------

--
-- Struktur dari tabel `tbl_oren`
--

CREATE TABLE IF NOT EXISTS `tbl_oren` (
  `id_rental` varchar(11) NOT NULL,
  `kustom_id` varchar(11) NOT NULL,
  `harga` int(11) NOT NULL,
  `tgl_dirental` date NOT NULL,
  `tgl_kembali` date NOT NULL,
  `id_mobil` varchar(11) NOT NULL,
  `tgl_dikembalikan` date NOT NULL,
  `denda_lain` int(11) NOT NULL,
  `total_denda` int(11) NOT NULL,
  `email` varchar(90) DEFAULT NULL,
  `model_mobil` varchar(112) NOT NULL,
  `status` varchar(221) NOT NULL,
  `total` int(11) NOT NULL,
  `id_karyawan` int(11) NOT NULL,
  `denda` int(11) NOT NULL,
  `status_p` varchar(122) NOT NULL
) ENGINE=InnoDB DEFAULT CHARSET=latin1;

--
-- Dumping data untuk tabel `tbl_oren`
--

INSERT INTO `tbl_oren` (`id_rental`, `kustom_id`, `harga`, `tgl_dirental`, `tgl_kembali`, `id_mobil`, `tgl_dikembalikan`, `denda_lain`, `total_denda`, `email`, `model_mobil`, `status`, `total`, `id_karyawan`, `denda`, `status_p`) VALUES
('KOR20181201', 'KP20181201', 500000, '2018-12-18', '2018-12-19', 'KDM20181101', '2018-12-19', 0, 0, 'm.satrion05091997@gmail.com', 'Ranger', 'Selesai', 500000, 23, 750000, 'Perusahaan'),
('KOR20181202', 'KP20181202', 0, '2018-12-18', '2018-12-29', 'KDM20181102', '0000-00-00', 0, 0, 'm.satrio05091997@gmail.com', 'New Dyna', 'Dibatalkan', 0, 23, 0, 'Masyarakat'),
('KOR20181203', 'KP20181202', 500000, '2018-12-18', '2018-12-23', 'KDM20181101', '2018-12-29', 12, 4500000, 'm.satrio05091997@gmail.com', 'Ranger', 'Selesai', 7000012, 23, 750000, 'Masyarakat'),
('KOR20181204', 'KP20181202', 500000, '2018-12-19', '2018-12-30', 'KDM20181101', '0000-00-00', 0, 0, 'm.satrio05091997@gmail.com', 'Ranger', 'Di Rental', 0, 23, 750000, 'Masyarakat'),
('KOR20181205', 'KP20181201', 700000, '2018-12-19', '2018-12-30', 'KDM20181592', '2018-12-19', 0, 0, 'satrio@gmail.com', 'Hilux', 'Di Rental', 7700000, 23, 850000, 'Masyarakat');

-- --------------------------------------------------------

--
-- Struktur dari tabel `tbl_os`
--

CREATE TABLE IF NOT EXISTS `tbl_os` (
  `id_servis` varchar(112) NOT NULL,
  `id_karyawan` varchar(112) NOT NULL,
  `tgl_masuk` date NOT NULL,
  `kustom_id` varchar(112) NOT NULL,
  `id_sp` varchar(112) NOT NULL,
  `id_mnk` varchar(112) NOT NULL,
  `jumlah_b` int(11) NOT NULL,
  `harga` int(11) NOT NULL,
  `perkiraan_selesai` date NOT NULL,
  `total_bayar` int(11) DEFAULT NULL,
  `status` varchar(50) NOT NULL,
  `email` varchar(30) NOT NULL,
  `model_sp` varchar(40) NOT NULL,
  `status_p` varchar(112) NOT NULL
) ENGINE=InnoDB DEFAULT CHARSET=latin1;

-- --------------------------------------------------------

--
-- Struktur dari tabel `tbl_soli`
--

CREATE TABLE IF NOT EXISTS `tbl_soli` (
  `id_so` varchar(113) NOT NULL,
  `id_oli` varchar(112) NOT NULL,
  `harga` int(11) NOT NULL,
  `kustom_id` varchar(113) NOT NULL,
  `email` varchar(112) NOT NULL,
  `jumlah_o` int(11) NOT NULL,
  `total_bayar` int(11) NOT NULL,
  `status` varchar(112) NOT NULL,
  `tgl_order` date NOT NULL,
  `id_mnk` text NOT NULL,
  `perkiraan_selesai` date NOT NULL,
  `id_karyawan` varchar(113) NOT NULL,
  `status_p` varchar(112) NOT NULL
) ENGINE=InnoDB DEFAULT CHARSET=latin1;

--
-- Dumping data untuk tabel `tbl_soli`
--

INSERT INTO `tbl_soli` (`id_so`, `id_oli`, `harga`, `kustom_id`, `email`, `jumlah_o`, `total_bayar`, `status`, `tgl_order`, `id_mnk`, `perkiraan_selesai`, `id_karyawan`, `status_p`) VALUES
('KSO20181201', 'KO20181103', 450000, 'KP20181204', 'm.satrio05091997@ymail.com', 1, 450000, 'Dalam Proses', '2018-12-20', 'KM20181130', '2018-12-21', '23', 'Perusahaan');

-- --------------------------------------------------------

--
-- Struktur dari tabel `tbl_sparepart`
--

CREATE TABLE IF NOT EXISTS `tbl_sparepart` (
  `id_sp` varchar(112) NOT NULL,
  `nama_sp` varchar(40) NOT NULL,
  `id_brand` varchar(30) NOT NULL,
  `id_tipe` varchar(30) NOT NULL,
  `model_sp` varchar(32) NOT NULL,
  `tgl_dtg` varchar(112) NOT NULL,
  `jumlah_sp` varchar(40) NOT NULL,
  `harga` varchar(23) NOT NULL,
  `status` varchar(40) NOT NULL
) ENGINE=InnoDB DEFAULT CHARSET=latin1;

--
-- Dumping data untuk tabel `tbl_sparepart`
--

INSERT INTO `tbl_sparepart` (`id_sp`, `nama_sp`, `id_brand`, `id_tipe`, `model_sp`, `tgl_dtg`, `jumlah_sp`, `harga`, `status`) VALUES
('KDS20181101', 'AIR FILTER (FILTER UDARA)', 'KB20181108', 'KT20181030', '-', '09/05/2018', '12', '120000', 'tesedia'),
('KDS20181103', 'BEARING FRONT WHEEL (LAHER RODA DPN)', 'KB20181108', 'KT20180992', '-', '09/05/2018', '8', '400000', 'tesedia'),
('KDS20181104', 'BOOT INNER (KARET AS RODA DALAM)', 'KB20181110', 'KT20180993', '-', '09/05/2018', '7', '150000', 'tesedia'),
('KDS20181105', 'BOOT INNER', 'KB20181110', 'KT20180993', '-', '09/05/2018', '9', '400000', 'tesedia'),
('KDS20181106', 'BOOT OUTER (KARET AS RODA LUAR)', 'KB20181111', 'KT20180993', '-', '09/05/2018', '6', '250000', 'tesedia'),
('KDS20181107', 'BOOT OUTER', 'KB20181112', 'KT20180993', '-', '09/05/2018', '10', '150000', 'tesedia'),
('KDS20181108', 'BOOT SHOCK BELAKANG', 'KB20181113', 'KT20180992', '-', '09/05/2018', '20', '450000', 'tesedia'),
('KDS20181110', 'BOOT STEER (KARET RACK STIR)', 'KB20181115', 'KT20180995', '-', '09/05/2018', '50', '500000', 'tesedia'),
('KDS20181112', 'BRAKE PAD FRONT (KAMPAS REM DEPAN)', 'KB20181115', 'KT20180997', '-', '09/05/2018', '9', '250000', 'tesedia'),
('KDS20181113', 'BRAKE PAD FRONT', 'KB20181113', 'KT20180997', '-', '09/05/2018', '5', ' 175000', 'tesedia'),
('KDS20181114', 'BRAKE PAD FRONT', 'KB20181116', 'KT20180997', '-', '09/05/2018', '4', '60000', 'tesedia'),
('KDS20181115', 'BRAKE PAD REAR (KAMPAS REM BLKG)', 'KB20181117', 'KT20180997', '-', '09/05/2018', '8', '400000', 'tesedia'),
('KDS20181116', 'BRAKE PAD REAR', 'KB20181118', 'KT20180997', '-', '09/05/2018', '', '', 'tesedia'),
('KDS20181117', 'BRAKE PAD REAR', 'KB20181119', 'KT20180997', '-', '09/05/2018', '', '', 'tesedia'),
('KDS20181118', 'BRAKE SHOE (SEPATU REM BELAKANG)', 'KB20181120', 'KT20180998', '-', '09/05/2018', '43', '400000', 'tesedia'),
('KDS20181119', 'BRAKE SHOE', 'KB20181121', 'KT20180999', '-', '09/05/2018', '56', '250000', 'tesedia'),
('KDS20181120', 'BUSH ARM RODA DEPAN BESAR+KECIL', 'KB20181122', 'KT20181000', '-', '09/05/2018', '10', '250000', 'tesedia'),
('KDS20181121', 'BUSH ARM RODA BELAKANG', 'KB20181122', 'KT20181001', '-', '09/05/2018', '10', '175000', 'tesedia'),
('KDS20181122', 'BUSH PLASTIK VERSNELLENG', 'KB20181123', 'KT20181002', '-', '09/05/2018', '50', '60000', 'tesedia'),
('KDS20181123', 'BUSH RACK STEER', 'KB20181124', 'KT20181003', '-', '09/05/2018', '40', '400000', 'tesedia'),
('KDS20181124', 'BUSH STABIL BESAR DPN', 'KB20181125', 'KT20181003', '-', '09/05/2018', '20', '600000', 'tesedia'),
('KDS20181125', 'BUSH STABIL BLK', 'KB20181126', 'KT20181003', '-', '09/05/2018', '12', '50000', 'tesedia'),
('KDS20181126', 'CABLE BUSI 6 M/M STD', 'KB20181127', 'KT20181003', '-', '09/05/2018', '23', ' 50000', 'tesedia'),
('KDS20181127', 'CABLE BUSI 8 MM (SEMI RACING)', 'KB20181127', 'KT20181003', '-', '09/05/2018', '2', '50000', 'tesedia'),
('KDS20181128', 'CABLE CLUTCH/KOPLING', 'KB20181128', 'KT20181004', '-', '09/05/2018', '4', '110000', 'tesedia'),
('KDS20181129', 'CABLE COIL', 'KB20181129', 'KT20181005', '-', '09/05/2018', '6', '200000', 'tesedia'),
('KDS20181130', 'CABLE REM TANGAN LH BLK', 'KB20181130', 'KT20181006', '-', '09/05/2018', '5', '25000', 'tesedia'),
('KDS20181131', 'CABLE REM TANGAN RH BLK', 'KB20181131', 'KT20181007', '-', '09/05/2018', '3', '25000', 'tesedia'),
('KDS20181132', 'CABLE SPEEDO', 'KB20181132', 'KT20181002', '-', '09/05/2018', '6', '125000', 'tesedia'),
('KDS20181133', 'CAP DISTRIBUTOR', 'KB20181133', 'KT20181008', '-', '09/05/2018', '6', '125000', 'tesedia'),
('KDS20181134', 'CLUTCH BEARING ( DRUGLAHER KOPLING)', 'KB20181134', 'KT20181009', '-', '09/05/2018', '3', '25000', 'tesedia'),
('KDS20181135', 'COIL IGNITION (+RESISTOR LUAR)', 'KB20181135', 'KT20181009', '-', '09/05/2018', '7', '35000', 'tesedia'),
('KDS20181136', 'COIL IGNITION (+RESISTOR DALAM)', 'KB20181134', 'KT20181010', '-', '09/05/2018', '19', '25000', 'tesedia'),
('KDS20181137', 'COVER CLUTCH (DEKRUP)', 'KB20181136', 'KT20181012', '-', '09/05/2018', '32', '90000', 'tesedia'),
('KDS20181138', 'COVER CLUTCH (DEKRUP)', 'KB20181136', 'KT20181012', '-', '09/05/2018', '11', '20000', 'tesedia'),
('KDS20181139', 'DISC CLUTCH (PLAT KOPLING)', 'KB20181136', 'KT20181012', '-', '09/05/2018', '34', '50000', 'tesedia'),
('KDS20181140', 'DISC CLUTCH (PLAT KOPLING)', 'KB20181136', 'KT20181012', '-', '09/05/2018', '56', '750000', 'tesedia'),
('KDS20181141', 'ENGINE MOUNTING NO.1 (REAR/VERSNLING)', 'KB20181137', 'KT20181012', '-', '09/05/2018', '5', '600000', 'tesedia'),
('KDS20181142', 'ENGINE MOUNTING NO.2 (FRONT)', 'KB20181137', 'KT20181002', '-', '09/05/2018', '43', '60000', 'tesedia'),
('KDS20181143', 'ENGINE MOUNTING NO.3 (FRONT RH T.BELT)', 'KB20181137', 'KT20181010', '-', '09/05/2018', '5', '150000', 'tesedia'),
('KDS20181144', 'ENGINE MOUNTING NO.4 (FRONT LH)', 'KB20181138', 'KT20181030', '-', '09/05/2018', '3', '250000', 'tesedia'),
('KDS20181145', 'FAN BELT AC', 'KB20181138', 'KT20181030', '-', '09/05/2018', '5', '450000', 'tesedia'),
('KDS20181146', 'FAN BELT ALTENATOR', 'KB20181138', 'KT20181014', '-', '09/05/2018', '4', '400000', 'tesedia'),
('KDS20181147', 'FAN BELT P/STEERING', 'KB20181139', 'KT20181002', '-', '09/05/2018', '10', '250000', 'tesedia'),
('KDS20181148', 'FAN COOLING  (KIPAS RADIATOR)', 'KB20181140', 'KT20181002', '-', '09/05/2018', '3', '150000', 'tesedia'),
('KDS20181149', 'FAN  AC (EXTRA FAN/KIPAS AC)', 'KB20181141', 'KT20181002', '-', '09/05/2018', '50', '450000', 'tesedia'),
('KDS20181150', 'FUEL FILTER (SARINGAN BENSIN+SOLAR)', 'KB20181141', 'KT20181015', '-', '09/05/2018', '6', '150000', 'tesedia'),
('KDS20181151', 'FUEL FUMP (POMPA BENSIN)=MEMBRAN', 'KB20181142', 'KT20181015', '-', '09/05/2018', '8', '500000', 'tesedia'),
('KDS20181152', 'FUEL PUMP (POMPA BENSIN)=ROTAX', 'KB20181142', 'KT20181015', '-', '09/05/2018', '6', '450000', 'tesedia'),
('KDS20181153', 'HOSE WATER LOW (SELANG RDIATR BWH)', 'KB20181138', 'KT20181016', '-', '09/05/2018', '9', '250000', 'tesedia'),
('KDS20181154', 'HOSE WATER UP (SELANG RDIATR ATAS)', 'KB20181143', 'KT20181018', '-', '09/05/2018', '5', '175000', 'tesedia'),
('KDS20181155', 'JOINT INNER (AS RODA DALAM)', 'KB20181144', 'KT20181018', '-', '09/05/2018', '20', '60000', 'tesedia'),
('KDS20181156', 'JOINT OUTER (AS RODA LUAR)', 'KB20181144', 'KT20181018', '-', '09/05/2018', '18', '400000', 'tesedia'),
('KDS20181157', 'KACA SPION LUAR L+R', 'KB20181145', 'KT20181007', '-', '09/05/2018', '8', '600000', 'tesedia'),
('KDS20181158', 'KARET REM BELAKANG', 'KB20181146', 'KT20181007', '-', '09/05/2018', '7', '50000', 'tesedia'),
('KDS20181159', 'KIT KOPLING ATAS', 'KB20181147', 'KT20181007', '-', '09/05/2018', '9', '50000', 'tesedia'),
('KDS20181160', 'KIT KOPLING BAWAH', 'KB20181147', 'KT20181002', '-', '09/05/2018', '6', '50000', 'tesedia'),
('KDS20181161', 'KIT MASTER REM ATAS', 'KB20181149', 'KT20181002', '-', '09/05/2018', '10', '110000', 'tesedia'),
('KDS20181162', 'LAMPU DEPAN LH/RH (HEAD LAMP)', 'KB20181150', 'KT20181002', '-', '09/05/2018', '20', '200000', 'tesedia'),
('KDS20181163', 'LAMPU SEN LH/RH (SUDUT+BUMPER)', 'KB20181151', 'KT20181002', '-', '09/05/2018', '30', '110000', 'tesedia'),
('KDS20181164', 'LAMPU STOP LH/RH', 'KB20181149', 'KT20181002', '-', '09/05/2018', '50', '120000', 'tesedia'),
('KDS20181165', 'MASTER KOPLING ATAS', 'KB20181152', 'KT20181019', '-', '09/05/2018', '', '', 'tesedia'),
('KDS20181166', 'MASTER KOPLING BAWAH', 'KB20181152', 'KT20181019', '-', '09/05/2018', '', '', 'tesedia'),
('KDS20181167', 'MASTER REM ATAS', 'KB20181141', 'KT20181007', '-', '09/05/2018', '', '', 'tesedia'),
('KDS20181168', 'MASTER REM BLKANG (WHEEL CYLINDER)', 'KB20181141', 'KT20181007', '-', '09/05/2018', '', '', 'tesedia'),
('KDS20181169', 'MOTOR FAN RADIATOR', 'KB20181153', 'KT20181007', '-', '09/05/2018', '', '', 'tesedia'),
('KDS20181170', 'MOTOR FAN AC', 'KB20181154', 'KT20181007', '-', '09/05/2018', '', '', 'tesedia'),
('KDS20181171', 'MTG./SUPPORT SHOCKBREAKER DEPAN', 'KB20181155', 'KT20181007', '-', '09/05/2018', '', '', 'tesedia'),
('KDS20181172', 'MTG/SUPPORT SHOCKBREAKER BLKANG', 'KB20181156', 'KT20181007', '-', '09/05/2018', '20', '25000', 'tesedia'),
('KDS20181173', 'OIL FILTER', 'KB20181156', 'KT20181007', '-', '09/05/2018', '17', '25000', 'tesedia'),
('KDS20181174', 'PACKING CYLINDER HEAD (COP)', 'KB20181157', 'KT20181020', '-', '09/05/2018', '10', '125000', 'tesedia'),
('KDS20181175', 'PACKING FULL SET', 'KB20181158', 'KT20181002', '-', '09/05/2018', '10', '125000', 'tesedia'),
('KDS20181176', 'PACKING MANIFOLD EXHAUST', 'KB20181158', 'KT20181002', '-', '09/05/2018', '50', '25000', 'tesedia'),
('KDS20181177', 'PACKING MANIFOLD INTAKE', 'KB20181141', 'KT20181002', '-', '09/05/2018', '40', '35000', 'tesedia'),
('KDS20181178', 'PACKING OIL FAN (CARTER)', 'KB20181141', 'KT20181002', '-', '09/05/2018', '20', '25000', 'tesedia'),
('KDS20181179', 'PACKING TUTUP KLEP (COVER HEAD)', 'KB20181159', 'KT20181002', '-', '09/05/2018', '12', '90000', 'tesedia'),
('KDS20181180', 'RACK END (LONG TIE ROD)', 'KB20181159', 'KT20181002', '-', '09/05/2018', '23', '20000', 'tesedia'),
('KDS20181181', 'SEAL FRONT IN (RODA DPN DLM)', 'KB20181160', 'KT20181021', '-', '09/05/2018', '2', '50000', 'tesedia'),
('KDS20181182', 'SEAL FRONT OUT (RODA DPN LUAR)', 'KB20181160', 'KT20181021', '-', '09/05/2018', '4', '750000', 'tesedia'),
('KDS20181183', 'SEAL KIT KALIPER  REMFRONT', 'KB20181160', 'KT20181021', '-', '09/05/2018', '6', '600000', 'tesedia'),
('KDS20181184', 'SEAL KIT KALIPER REM BLKG', 'KB20181160', 'KT20181016', '-', '09/05/2018', '5', '60000', 'tesedia'),
('KDS20181185', 'SEAL KLEP', 'KB20181141', 'KT20181022', '-', '09/05/2018', '3', '150000', 'tesedia'),
('KDS20181186', 'SEAL KRUK AS DEPAN (SEAL TIMING)', 'KB20181160', 'KT20181002', '-', '09/05/2018', '6', '250000', 'tesedia'),
('KDS20181187', 'SEAL NOKEN AS', 'KB20181161', 'KT20181012', '-', '09/05/2018', '6', '450000', 'tesedia'),
('KDS20181188', 'SEAL KRUK AS REAR', 'KB20181161', 'KT20181021', '-', '09/05/2018', '3', '400000', 'tesedia'),
('KDS20181189', 'SEAL RODA BELAKANG', 'KB20181162', 'KT20181021', '-', '09/05/2018', '7', '250000', 'tesedia'),
('KDS20181190', 'SEAL TRANMISI (SEAL JOINT INNER)', 'KB20181163', 'KT20181021', '-', '09/05/2018', '19', '150000', 'tesedia'),
('KDS20181191', 'SHOCKBREAKER DEPAN LH/RH', 'KB20181164', 'KT20181021', '-', '09/05/2018', '32', '120000', 'tesedia'),
('KDS20181192', 'SHOCKBREAKER BELAKANG RH/lh', 'KB20181165', 'KT20181023', '-', '09/05/2018', '11', ' 250000', 'tesedia'),
('KDS20181193', 'SWITCH TEMPERATURE', 'KB20181108', 'KT20181024', '-', '09/05/2018', '34', '400000', 'tesedia'),
('KDS20181194', 'SWITCH TERMOSTAT/TERMOMETER', 'KB20181109', 'KT20181025', '-', '09/05/2018', '56', '150000', 'tesedia'),
('KDS20181195', 'TIE ROD END', 'KB20181108', 'KT20181026', '-', '09/05/2018', '5', '400000', 'tesedia'),
('KDS20181196', 'WATER PUMP', 'KB20181110', 'KT20181027', '-', '09/05/2018', '43', '250000', 'tesedia'),
('KDS20181197', 'LAMPU DEPAN LH/RH (HEAD LAMP)', 'KB20181110', 'KT20181028', '-', '09/05/2018', '5', '150000', 'tesedia'),
('KDS20181198', 'LAMPU SEN LH/RH (SUDUT+BUMPER)', 'KB20181111', 'KT20181025', '-', '09/05/2018', '3', '450000', 'tesedia'),
('KDS20181199', 'LAMPU STOP LH/RH', 'KB20181112', 'KT20181029', '-', '09/05/2018', '5', '150000', 'tesedia'),
('KDS20181200', 'MASTER KOPLING ATAS', 'KB20181113', 'KT20181025', '-', '09/05/2018', '4', '500000', 'tesedia'),
('KDS20181202', 'MASTER REM ATAS', 'KB20181115', 'KT20181025', '-', '09/05/2018', '3', '250000', 'tesedia'),
('KDS20181203', 'MASTER REM BLKANG (WHEEL CYLINDER)', 'KB20181141', 'KT20181025', '-', '09/05/2018', '50', ' 175000', 'tesedia'),
('KDS20181204', 'MOTOR FAN RADIATOR', 'KB20181115', 'KT20181027', '-', '09/05/2018', '6', '60000', 'tesedia'),
('KDS20181205', 'MOTOR FAN AC', 'KB20181113', 'KT20181030', '-', '09/05/2018', '8', '400000', 'tesedia'),
('KDS20181206', 'MTG./SUPPORT SHOCKBREAKER DEPAN', 'KB20181116', 'KT20181030', '-', '09/05/2018', '', '', 'tesedia'),
('KDS20181207', 'MTG/SUPPORT SHOCKBREAKER BLKANG', 'KB20181117', 'KT20181025', '-', '09/05/2018', '', '', 'tesedia'),
('KDS20181208', 'OIL FILTER', 'KB20181118', 'KT20181025', '-', '09/05/2018', '5', '400000', 'tesedia'),
('KDS20181209', 'PACKING CYLINDER HEAD (COP)', 'KB20181119', 'KT20181025', '-', '09/05/2018', '10', '250000', 'tesedia'),
('KDS20181210', 'PACKING FULL SET', 'KB20181120', 'KT20181030', '-', '09/05/2018', '11', '250000', 'tesedia'),
('KDS20181211', 'PACKING MANIFOLD EXHAUST', 'KB20181121', 'KT20181030', '-', '09/05/2018', '9', '175000', 'tesedia'),
('KDS20181212', 'PACKING MANIFOLD INTAKE', 'KB20181122', 'KT20181031', '-', '09/05/2018', '5', '60000', 'tesedia'),
('KDS20181213', 'PACKING OIL FAN (CARTER)', 'KB20181122', 'KT20180997', '-', '09/05/2018', '4', '400000', 'tesedia'),
('KDS20181214', 'PACKING TUTUP KLEP (COVER HEAD)', 'KB20181123', 'KT20180997', '-', '09/05/2018', '2', '600000', 'tesedia'),
('KDS20181215', 'RACK END (LONG TIE ROD)', 'KB20181124', 'KT20180998', '-', '09/05/2018', '24', '50000', 'tesedia'),
('KDS20181216', 'SEAL FRONT IN (RODA DPN DLM)', 'KB20181125', 'KT20180999', '-', '09/05/2018', '12', ' 50000', 'tesedia');

-- --------------------------------------------------------

--
-- Struktur dari tabel `users`
--

CREATE TABLE IF NOT EXISTS `users` (
  `id_karyawan` int(11) NOT NULL,
  `username` varchar(54) NOT NULL,
  `password` varchar(54) NOT NULL,
  `nama` varchar(54) NOT NULL,
  `level` varchar(1112) NOT NULL
) ENGINE=InnoDB AUTO_INCREMENT=24 DEFAULT CHARSET=latin1;

--
-- Dumping data untuk tabel `users`
--

INSERT INTO `users` (`id_karyawan`, `username`, `password`, `nama`, `level`) VALUES
(8, 'evan00001494', '5c2d664458e5d1eb0ae3bfdb4caa88a0', 'Evan Taurisna', 'admin'),
(9, 'mulyono009208', '5c2d664458e5d1eb0ae3bfdb4caa88a0', 'Mulyono', 'admin'),
(18, 'deni00003017', '5c2d664458e5d1eb0ae3bfdb4caa88a0', 'Deni Shapta Hardiansyah', 'pimpinan'),
(21, 'hary', '1b1464a2413c5dfbf6a472213ba535d6', 'Harry Wahyu Chayono', 'pimpinan'),
(23, 'satrio', 'eec470e2f66e97a2ff82bcb62897375a', 'muhammad satrio n', 'admin');

--
-- Indexes for dumped tables
--

--
-- Indexes for table `brandm`
--
ALTER TABLE `brandm`
  ADD PRIMARY KEY (`id_brand`);

--
-- Indexes for table `data_karyawan`
--
ALTER TABLE `data_karyawan`
  ADD PRIMARY KEY (`id`);

--
-- Indexes for table `kustom`
--
ALTER TABLE `kustom`
  ADD PRIMARY KEY (`kustom_id`);

--
-- Indexes for table `merk_b`
--
ALTER TABLE `merk_b`
  ADD PRIMARY KEY (`id_tipe`);

--
-- Indexes for table `pengambilan`
--
ALTER TABLE `pengambilan`
  ADD PRIMARY KEY (`id_peng`);

--
-- Indexes for table `pengembalian`
--
ALTER TABLE `pengembalian`
  ADD PRIMARY KEY (`id_pgb`);

--
-- Indexes for table `tbl_mekanik`
--
ALTER TABLE `tbl_mekanik`
  ADD PRIMARY KEY (`id_mnk`);

--
-- Indexes for table `tbl_mobil`
--
ALTER TABLE `tbl_mobil`
  ADD PRIMARY KEY (`id_mobil`);

--
-- Indexes for table `tbl_oli`
--
ALTER TABLE `tbl_oli`
  ADD PRIMARY KEY (`id_oli`);

--
-- Indexes for table `tbl_oren`
--
ALTER TABLE `tbl_oren`
  ADD PRIMARY KEY (`id_rental`),
  ADD KEY `kustom_id` (`kustom_id`);

--
-- Indexes for table `tbl_os`
--
ALTER TABLE `tbl_os`
  ADD PRIMARY KEY (`id_servis`),
  ADD KEY `kustom_id` (`kustom_id`);

--
-- Indexes for table `tbl_soli`
--
ALTER TABLE `tbl_soli`
  ADD PRIMARY KEY (`id_so`);

--
-- Indexes for table `tbl_sparepart`
--
ALTER TABLE `tbl_sparepart`
  ADD PRIMARY KEY (`id_sp`);

--
-- Indexes for table `users`
--
ALTER TABLE `users`
  ADD PRIMARY KEY (`id_karyawan`);

--
-- AUTO_INCREMENT for dumped tables
--

--
-- AUTO_INCREMENT for table `users`
--
ALTER TABLE `users`
  MODIFY `id_karyawan` int(11) NOT NULL AUTO_INCREMENT,AUTO_INCREMENT=24;
/*!40101 SET CHARACTER_SET_CLIENT=@OLD_CHARACTER_SET_CLIENT */;
/*!40101 SET CHARACTER_SET_RESULTS=@OLD_CHARACTER_SET_RESULTS */;
/*!40101 SET COLLATION_CONNECTION=@OLD_COLLATION_CONNECTION */;
